"OPENING_ID","BroadBurn","DebrisBurn","DebrisMade","DebrisPiled","Soil","WildBurn","FireID"
-633850000,0,0,0,0,1,0,"C10970"
-633230000,0,0,0,0,0,0,"R11498"
-632500000,0,0,0,0,0,0,"R11921"
-632350000,0,1,0,0,1,0,"R11921"
-631790000,0,0,0,0,1,0,"R11498"
-631050000,0,0,0,0,1,0,"C10970"
-631010000,0,0,0,0,1,0,"C10970"
-629020000,0,0,0,0,0,0,"R11921"
-627890000,0,0,0,0,0,0,"R11921"
-627790000,0,0,0,0,1,0,"R11498"
-6.27e+08,0,0,0,0,0,0,"R11498"
-626970000,0,0,0,0,0,0,"R11498"
-626640000,0,0,0,0,1,0,"R11498"
-626260000,0,1,0,1,1,0,"G41607"
-626130000,0,0,0,0,0,0,"R11498"
-626040000,0,1,0,0,1,0,"R11921"
-626030000,0,1,0,0,1,0,"R11921"
-626020000,1,0,0,1,0,0,"R11921"
-625870000,1,0,0,1,0,0,"R11498"
-624610000,0,0,0,0,1,0,"G41607"
-624430000,0,0,0,0,1,0,"R11498"
-623590000,0,0,0,0,1,0,"R11498"
-623550000,0,0,0,0,1,0,"R11498"
-623490000,0,0,0,0,1,0,"R11498"
-623390000,1,0,0,0,0,0,"R11498"
-623320000,0,0,0,0,1,0,"R11498"
-622830000,0,1,0,0,1,1,"G41607"
-622580000,1,1,0,0,0,0,"G41607"
-622290000,0,0,0,0,1,0,"R11498"
-621810000,1,1,0,0,0,0,"R11498"
-621800000,0,0,0,0,0,0,"R11498"
-621790000,0,0,0,0,0,0,"R11498"
-621780000,0,0,0,0,1,1,"R11498"
-621770000,0,0,0,0,0,0,"R11498"
-621760000,0,0,0,0,0,0,"R11498"
-621750000,0,0,0,0,1,0,"R11498"
-621740000,0,1,0,0,1,1,"R11498"
-621730000,0,0,0,0,1,0,"R11498"
-621720000,0,0,0,0,1,0,"R11498"
-621710000,0,0,0,0,0,0,"R11498"
-621700000,0,0,0,0,1,0,"R11498"
-621690000,0,0,0,0,1,0,"R11498"
-621680000,0,0,0,0,0,0,"R11498"
-621670000,0,0,0,0,0,0,"R11498"
-621660000,0,0,0,0,1,0,"R11498"
-621650000,0,0,0,0,1,0,"R11498"
-621640000,0,0,0,0,1,0,"R11498"
-621630000,0,0,0,0,1,0,"R11498"
-621620000,0,0,0,0,0,0,"R11498"
-621610000,1,0,0,0,0,0,"R11498"
-621600000,0,0,0,0,0,0,"R11498"
-621570000,0,0,0,0,0,0,"R11498"
-621550000,0,0,0,0,0,0,"R11498"
-621540000,0,0,0,0,0,0,"R11498"
-621530000,0,0,0,0,1,0,"R11498"
-621520000,0,0,0,0,1,0,"R11498"
-621510000,0,0,0,0,1,0,"R11498"
-621500000,0,0,0,0,1,0,"R11498"
-621490000,0,0,0,0,1,0,"R11498"
-621480000,0,0,0,0,1,0,"R11498"
-621470000,0,0,0,0,0,0,"R11498"
-621460000,0,0,0,0,1,1,"R11498"
-621420000,0,0,0,0,1,0,"R11498"
-621170000,0,0,0,0,0,0,"R11921"
-621140000,0,1,0,0,0,0,"R11921"
-621110000,0,1,0,0,1,0,"R11921"
-621070000,0,1,0,0,1,0,"R11921"
-621050000,1,0,0,0,1,0,"R11921"
-620310000,0,0,0,0,0,0,"R11498"
-620300000,0,0,0,0,0,0,"R11498"
-620290000,0,0,0,0,0,0,"R11498"
-620270000,0,0,0,0,0,0,"R11498"
-620260000,0,0,0,0,0,0,"R11498"
-620220000,1,1,0,0,1,0,"R11498"
-620210000,1,1,0,0,1,0,"R11498"
-620200000,0,0,0,0,1,0,"R11498"
-620190000,0,0,0,0,1,0,"R11498"
-619790000,0,1,0,0,1,0,"R11498"
-619730000,1,0,0,0,1,0,"G41607"
-619690000,0,0,0,0,1,0,"R11498"
-588020000,0,0,0,1,0,0,"R11796"
-588010000,0,0,0,0,0,0,"R11796"
-587990000,0,0,0,0,0,0,"R11796"
-587950000,0,0,0,0,0,0,"R11796"
-587930000,0,0,0,0,0,0,"R11796"
-587920000,0,0,0,0,0,0,"R11796"
-587770000,0,0,0,0,0,0,"R11796"
-587760000,0,1,1,0,0,0,"R11796"
-587750000,0,1,1,0,0,0,"R11796"
-587740000,0,1,1,0,0,0,"R11796"
-587730000,0,1,1,0,0,0,"R11796"
-587680000,0,0,0,0,0,0,"R11796"
-587670000,0,0,0,0,0,0,"R11796"
-587650000,0,0,0,0,0,0,"R11796"
-587600000,0,0,0,1,0,0,"R11796"
-587590000,0,0,0,1,0,0,"R11796"
-587580000,0,0,0,1,0,0,"R11796"
-587550000,0,1,0,0,0,0,"R11921"
-587520000,0,0,0,0,0,0,"R11796"
-587510000,0,1,0,1,0,0,"R11796"
-587440000,0,1,0,0,1,0,"R11796"
-587430000,1,0,1,0,0,0,"R11796"
-587410000,0,0,0,0,0,0,"R11796"
-587400000,1,0,1,0,0,0,"R11796"
-587370000,0,1,1,0,1,0,"R11796"
-587360000,0,0,0,0,1,0,"R11796"
-587350000,0,0,0,0,1,0,"R11796"
-587340000,1,0,0,1,0,0,"R11796"
-587300000,0,1,0,0,1,0,"R11921"
-587280000,0,1,0,0,0,0,"R11796"
-587260000,0,1,0,0,0,0,"R11796"
-587250000,0,1,0,0,0,0,"R11796"
-587240000,0,1,0,0,0,0,"R11796"
-587230000,0,1,0,0,0,0,"R11796"
-587210000,0,0,0,0,0,0,"R11796"
-587200000,0,0,0,0,0,0,"R11796"
-587180000,0,0,0,0,0,0,"R11796"
-587160000,0,0,0,0,0,0,"R11796"
-587140000,0,0,0,0,0,0,"R11796"
-587130000,0,0,0,0,0,0,"R11796"
-587120000,0,0,0,0,1,0,"R11796"
-587090000,0,1,0,1,0,0,"R11796"
-587060000,0,0,0,0,0,0,"R11796"
-587050000,0,0,0,0,0,0,"R11796"
-587040000,0,0,0,0,0,0,"R11796"
-587030000,0,0,0,0,0,0,"R11796"
-587020000,0,0,0,0,0,0,"R11796"
-587010000,0,0,0,0,0,0,"R11796"
-5.87e+08,0,0,0,0,0,0,"R11796"
-586990000,0,0,0,0,0,0,"R11796"
-586980000,0,0,0,0,0,0,"R11796"
-586960000,0,1,1,0,0,0,"R11796"
-586950000,0,1,1,0,0,0,"R11796"
-586940000,0,1,1,0,0,0,"R11796"
-586920000,0,0,0,0,0,0,"R11796"
-586910000,0,1,0,1,0,0,"R11796"
-586900000,0,1,0,1,0,0,"R11796"
-586890000,0,0,0,0,0,0,"R11796"
-586870000,0,0,0,0,0,0,"R11796"
-586850000,0,0,0,0,0,0,"R11796"
-586840000,0,0,0,0,0,0,"R11796"
-586800000,0,0,0,0,0,0,"R11796"
-586780000,0,0,0,0,0,0,"R11796"
-586770000,0,1,0,1,0,0,"R11796"
-586760000,0,0,0,0,0,0,"R11796"
-586750000,1,1,0,1,0,0,"R11796"
-586740000,0,0,0,0,0,0,"R11796"
-586720000,0,1,0,1,0,0,"R11796"
-586680000,0,1,0,1,0,0,"R11796"
-586670000,0,0,0,0,0,0,"R11796"
-586660000,1,0,0,0,0,0,"R11796"
-586640000,0,0,0,0,0,0,"R11796"
-586630000,0,0,0,0,0,0,"R11796"
-586620000,0,1,0,0,1,0,"R11796"
-586600000,0,0,0,0,1,0,"R11796"
-586590000,0,0,0,0,0,0,"R11796"
-586580000,0,1,0,0,0,0,"R11796"
-586560000,0,1,0,0,1,0,"R11796"
-586540000,0,0,0,0,0,0,"R11796"
-586530000,0,0,0,0,1,0,"R11796"
-586520000,0,0,0,0,0,0,"R11796"
-586510000,0,1,0,0,0,0,"R11796"
-586500000,0,0,0,0,0,0,"R11796"
-586490000,0,0,0,0,0,0,"R11796"
-586470000,0,0,0,0,0,0,"R11796"
-586440000,0,0,0,0,0,0,"R11796"
-586430000,0,0,0,0,0,0,"R11796"
-586420000,0,0,0,1,0,0,"R11796"
-586360000,0,0,0,1,1,0,"R11796"
-586290000,0,0,0,0,0,0,"R11796"
-586280000,0,0,0,0,0,0,"R11796"
-586220000,0,0,0,0,0,0,"R11796"
-586210000,0,0,0,0,0,0,"R11796"
-586180000,0,0,0,0,0,0,"R11796"
-586160000,0,0,0,0,0,0,"R11796"
-586140000,0,1,0,0,0,0,"R11796"
-586130000,0,0,0,0,0,0,"R11796"
-586120000,0,0,0,0,0,0,"R11796"
-586110000,0,0,0,0,0,0,"R11796"
-586080000,0,0,0,0,0,0,"R11796"
-586070000,0,1,0,0,0,0,"R11796"
-586050000,0,0,0,0,0,0,"R11796"
-586040000,0,1,0,0,0,0,"R11796"
-586030000,0,0,0,0,0,0,"R11796"
-586020000,0,0,0,0,0,0,"R11796"
-586010000,0,0,0,0,0,0,"R11796"
-5.86e+08,0,0,0,0,0,0,"R11796"
-585990000,0,1,0,1,0,0,"R11796"
-585980000,0,1,0,0,0,0,"R11796"
-585970000,0,1,0,0,0,0,"R11796"
-585960000,0,0,0,0,0,0,"R11796"
-585950000,0,0,0,0,0,0,"R11796"
-585940000,0,0,0,0,0,0,"R11796"
-585930000,0,0,0,0,0,0,"R11796"
-585900000,0,0,0,1,0,0,"R11796"
-585860000,0,1,0,0,0,0,"R11796"
-585850000,0,1,0,0,0,0,"R11796"
-585840000,0,0,0,0,0,0,"R11796"
-585790000,0,1,0,0,0,0,"R11796"
-585780000,0,1,0,0,0,0,"R11796"
-585750000,0,0,0,0,0,0,"R11796"
-585720000,0,1,0,0,0,0,"R11796"
-585710000,0,1,0,0,0,0,"R11796"
-585700000,0,0,0,0,0,0,"R11796"
-585690000,0,0,0,0,0,0,"R11796"
-585380000,0,0,0,0,0,0,"R21721"
-585350000,0,1,1,0,0,0,"R21721"
-585300000,0,1,1,0,0,0,"R21721"
-585290000,0,1,1,0,0,0,"R21721"
-585200000,0,0,0,0,0,0,"R21721"
-585160000,0,0,0,0,0,0,"R21721"
-584690000,0,0,0,0,0,0,"R21721"
-584550000,0,0,0,0,0,0,"R21721"
-584540000,0,0,0,0,0,0,"R21721"
-584520000,0,0,0,0,0,0,"R21721"
-584490000,0,0,0,0,1,0,"R21721"
-584480000,0,0,0,0,1,0,"R21721"
-584380000,0,0,0,0,0,0,"R21721"
-584350000,0,0,0,0,0,0,"R21721"
-584340000,0,0,0,1,0,0,"R21721"
-584330000,0,0,0,1,0,0,"R21721"
-584320000,0,0,0,0,0,0,"R21721"
-584310000,0,1,0,1,0,0,"R21721"
-584300000,0,0,0,1,0,0,"R21721"
-584290000,0,1,0,1,1,0,"R21721"
-584270000,0,0,0,0,0,0,"R21721"
-584250000,0,0,0,0,0,0,"R21721"
-584240000,0,0,0,0,0,0,"R21721"
-584230000,0,0,0,0,0,0,"R21721"
-584220000,0,0,0,1,0,0,"R21721"
-584200000,0,1,1,0,0,0,"R21721"
-584190000,0,1,1,0,0,0,"R21721"
-584180000,0,0,0,0,1,0,"R21721"
-584170000,0,0,0,0,0,0,"R21721"
-584150000,0,0,0,0,0,0,"R21721"
-584140000,0,0,0,0,0,0,"R21721"
-584110000,0,0,0,0,0,0,"R21721"
-584080000,0,0,0,0,0,0,"R21721"
-584070000,0,0,0,0,0,0,"R21721"
-584060000,0,0,0,0,0,0,"R21721"
-583990000,0,0,0,0,0,0,"R21721"
-583980000,0,0,0,0,1,0,"R21721"
-583970000,0,0,0,0,0,0,"R21721"
-583940000,0,0,0,0,1,0,"R21721"
-583920000,0,0,0,0,0,0,"R21721"
-583910000,0,0,0,0,0,0,"R21721"
-583900000,0,0,0,0,0,0,"R21721"
-583890000,1,0,0,0,0,0,"R21721"
-583850000,0,0,0,0,1,0,"R21721"
-583840000,0,0,0,0,1,0,"R21721"
-583820000,0,0,0,0,0,0,"R21721"
-583810000,0,0,0,0,0,0,"R21721"
-583800000,0,1,0,0,1,0,"R21721"
-583790000,0,0,0,0,1,0,"R21721"
-583780000,0,1,0,0,1,0,"R21721"
-583760000,0,0,0,0,1,0,"R21721"
-583720000,1,0,0,0,0,0,"R21721"
-583690000,1,0,0,0,0,0,"R21721"
-583660000,0,0,0,0,0,0,"R21721"
-583610000,0,0,0,0,1,0,"R21721"
-583600000,0,0,0,0,0,0,"R21721"
-583590000,0,1,1,0,0,0,"R21721"
-583580000,1,0,0,0,0,0,"R21721"
-579730000,0,0,1,1,0,0,"R11498"
-579550000,0,0,0,0,1,0,"R11498"
-578970000,1,0,0,0,0,0,"R11498"
-578960000,0,0,0,0,0,0,"R11498"
-578950000,0,0,0,0,0,0,"R11498"
-578940000,0,0,0,0,0,0,"R11498"
-578930000,0,0,0,0,0,0,"R11498"
-578910000,0,0,0,0,0,0,"R11498"
-578900000,0,0,0,0,0,0,"R11498"
-578860000,0,0,0,0,0,0,"R11498"
-578850000,0,0,0,0,0,0,"R11498"
-578820000,0,0,0,0,0,0,"R11498"
-578810000,0,1,0,0,0,0,"R11498"
-578790000,0,0,0,0,0,0,"R11498"
-578780000,0,0,0,0,0,0,"R11498"
-578770000,1,0,0,0,0,0,"R11498"
-578740000,0,0,0,0,1,0,"R11498"
-578730000,1,0,0,0,0,0,"R11498"
-578720000,1,0,0,0,0,0,"R11498"
-578710000,0,0,0,0,0,0,"R11498"
-578700000,1,0,0,0,0,0,"R11498"
-578680000,1,0,0,0,0,0,"R11498"
-578670000,1,0,0,0,0,0,"R11498"
-578660000,0,0,0,0,1,0,"R11498"
-578650000,1,0,0,0,0,0,"R11498"
-578630000,0,0,0,0,1,0,"R11498"
-578620000,0,0,0,0,1,0,"R11498"
-578590000,1,0,0,0,0,0,"R11498"
-578580000,0,1,0,0,0,0,"R11498"
-578570000,0,0,0,0,1,0,"R11498"
-578560000,0,0,0,0,1,0,"R11498"
-578460000,0,0,0,0,0,0,"R11498"
-578450000,0,0,0,0,0,0,"R11498"
-578440000,0,0,0,0,0,0,"R11498"
-577690000,0,1,1,0,0,0,"R11498"
-577650000,0,0,0,0,0,0,"R11498"
-577640000,0,0,0,0,0,0,"R11498"
-577620000,0,0,0,0,0,0,"R11498"
-577590000,0,1,1,0,0,0,"R11498"
-577570000,0,0,0,0,0,0,"R11498"
-577560000,0,1,1,0,0,0,"R11498"
-577550000,0,0,0,0,0,0,"R11498"
-577530000,0,1,1,0,0,0,"R11498"
-577520000,0,0,0,0,0,0,"R11498"
-577510000,0,1,1,0,0,0,"R11498"
-577500000,0,0,0,0,0,0,"R11498"
-577250000,0,0,0,0,0,0,"R11498"
-577230000,0,0,0,0,0,0,"R11498"
-577210000,0,0,0,0,0,0,"R11498"
-577190000,0,0,0,0,0,0,"R11498"
-577180000,0,0,0,0,0,0,"R11498"
-577150000,0,1,1,0,0,0,"R11498"
-577140000,0,1,1,0,0,0,"R11498"
-577040000,0,0,0,0,0,0,"R11498"
-575490000,0,0,0,0,0,0,"R11921"
-575480000,0,0,0,0,0,0,"R11921"
-574490000,0,1,0,0,0,0,"R11796"
-573880000,0,0,0,0,0,0,"R11921"
-573710000,0,0,0,0,0,0,"R11796"
-573590000,0,0,0,0,0,0,"R11796"
-573570000,0,1,0,0,0,0,"R11921"
-573370000,0,0,0,1,0,0,"R11796"
-573230000,0,0,0,0,0,0,"R11796"
-573220000,0,1,0,1,0,0,"R11796"
-573210000,0,0,0,0,0,0,"R11796"
-573180000,0,0,0,0,0,0,"R11796"
-573150000,0,0,0,0,1,0,"R11796"
-573050000,0,1,0,1,0,0,"R11796"
-573040000,0,0,0,0,0,0,"R11796"
-573030000,0,0,0,0,0,0,"R11796"
-5.73e+08,0,0,0,0,0,0,"R11796"
-572990000,0,1,0,0,0,0,"R11796"
-572980000,0,0,0,0,0,0,"R11796"
-572940000,0,1,0,1,0,0,"R11796"
-572930000,0,0,0,0,0,0,"R11796"
-572920000,0,1,0,0,0,0,"R11796"
-572910000,0,0,0,0,0,0,"R11796"
-572900000,0,0,0,0,0,0,"R11796"
-570260000,0,0,0,0,1,0,"R21721"
-570250000,0,0,0,0,0,0,"R21721"
-570240000,0,0,0,0,0,0,"R21721"
-570230000,0,0,0,1,0,0,"R21721"
-570220000,0,1,0,0,0,0,"R21721"
-570210000,0,0,0,1,0,0,"R21721"
-570200000,0,0,0,0,0,0,"R21721"
-570190000,0,1,0,0,0,0,"R21721"
-570180000,0,0,0,0,1,0,"R21721"
-570170000,0,0,0,0,0,0,"R21721"
-570160000,0,0,0,0,0,0,"R21721"
-570150000,0,0,0,0,0,0,"R21721"
-570140000,0,0,0,0,0,0,"R21721"
-570120000,0,0,0,0,0,0,"R21721"
-570110000,0,0,0,0,0,0,"R21721"
-570100000,0,0,0,0,0,0,"R21721"
-570090000,0,0,1,0,0,0,"R21721"
-570080000,0,0,0,0,0,0,"R21721"
-570070000,0,0,1,0,0,0,"R21721"
-570060000,0,0,0,0,0,0,"R21721"
-570040000,0,0,1,0,0,0,"R21721"
-570030000,0,0,0,0,0,0,"R21721"
-570020000,0,1,0,0,0,0,"R21721"
-570010000,0,0,0,0,0,0,"R21721"
-5.7e+08,0,1,0,1,0,0,"R21721"
-569990000,0,0,0,0,0,0,"R21721"
-569980000,0,1,1,0,0,0,"R21721"
-569970000,0,0,0,0,0,0,"R21721"
-569960000,0,0,0,0,0,0,"R21721"
-569950000,0,1,1,0,0,0,"R21721"
-569940000,0,1,0,1,0,0,"R21721"
-569920000,0,1,0,1,0,0,"R21721"
-569540000,0,0,0,0,0,0,"R21721"
-569530000,0,0,0,0,0,0,"R21721"
-569480000,0,0,0,0,0,0,"R21721"
-569460000,0,1,0,0,0,0,"R21721"
-569310000,0,1,0,1,0,0,"R21721"
-527450000,1,0,0,0,0,0,"R21721"
-514390000,0,0,0,0,0,0,"R21721"
-514380000,0,1,0,1,0,0,"R21721"
-514350000,0,0,0,0,1,0,"R21721"
-514330000,0,0,0,0,0,0,"R21721"
-514320000,0,0,0,0,0,0,"R21721"
-514280000,0,1,0,1,1,0,"R21721"
-514270000,0,1,0,1,0,0,"R21721"
-514260000,0,1,0,1,1,0,"R21721"
-514250000,0,0,0,0,1,0,"R21721"
-514240000,0,1,0,1,0,0,"R21721"
-514090000,0,1,0,1,0,0,"R21721"
-514030000,0,1,0,0,0,0,"R21721"
-514020000,0,0,0,0,0,0,"R21721"
-513940000,0,1,0,1,1,0,"R21721"
-513930000,0,1,0,0,0,0,"R21721"
-513500000,0,1,0,1,0,0,"R21721"
-513480000,0,0,0,0,0,0,"R21721"
-513470000,0,0,0,0,0,0,"R21721"
-513460000,0,0,0,1,0,0,"R21721"
-513440000,0,0,0,0,0,0,"R21721"
-513430000,0,0,0,0,0,0,"R21721"
-513420000,0,0,0,0,0,0,"R21721"
-513410000,0,0,0,0,0,0,"R21721"
-513400000,0,0,0,0,0,0,"R21721"
-513390000,0,0,0,0,0,0,"R21721"
-513380000,0,0,0,0,0,0,"R21721"
-513370000,0,0,0,1,0,0,"R21721"
-513360000,0,1,0,1,1,0,"R21721"
-513350000,0,1,0,1,0,0,"R21721"
-513340000,0,0,0,0,0,0,"R21721"
-513300000,1,0,0,0,0,0,"R21721"
-513290000,1,0,0,0,0,0,"R21721"
-513280000,0,1,0,1,0,0,"R21721"
-513260000,0,1,0,0,1,0,"R21721"
-513250000,0,0,0,0,0,0,"R21721"
-513240000,1,0,0,0,0,0,"R21721"
-513230000,0,1,0,1,1,0,"R21721"
-513220000,0,0,0,0,0,0,"R21721"
-513210000,1,0,0,0,1,0,"R21721"
-513200000,0,1,0,0,0,0,"R21721"
-513190000,0,0,0,1,1,0,"R21721"
-513180000,0,0,0,0,1,0,"R21721"
-513170000,1,1,0,0,1,0,"R21721"
-513150000,0,0,0,0,0,0,"R21721"
-513140000,0,1,0,0,0,0,"R21721"
-513120000,1,0,0,0,1,0,"R21721"
-513110000,1,0,0,1,0,0,"R21721"
-513100000,0,0,0,0,0,0,"R21721"
-513090000,0,0,0,0,1,0,"R21721"
-513080000,1,0,0,0,0,0,"R21721"
-513070000,0,0,0,0,1,0,"R21721"
-513060000,0,0,0,0,0,0,"R21721"
-513050000,0,0,0,0,1,0,"R21721"
-513040000,0,1,0,0,1,0,"R21721"
-513030000,0,0,0,0,0,0,"R21721"
-513020000,0,0,0,0,0,0,"R21721"
-5.13e+08,0,0,0,1,0,0,"R21721"
-512990000,0,0,0,1,0,0,"R21721"
-512980000,0,0,0,1,0,0,"R21721"
-512970000,1,0,0,0,1,0,"R21721"
-512940000,0,0,0,1,0,0,"R21721"
-512930000,1,0,0,0,0,0,"R21721"
-512920000,0,0,0,0,0,0,"R21721"
-512910000,0,0,0,0,0,0,"R21721"
-512900000,0,0,0,0,0,0,"R21721"
-512890000,0,0,0,0,0,0,"R21721"
-512880000,0,0,0,1,1,0,"R21721"
-512870000,0,0,0,0,0,0,"R21721"
-512860000,1,0,0,0,0,0,"R21721"
-512850000,0,0,0,1,1,0,"R21721"
-512840000,0,0,0,0,1,0,"R21721"
-512830000,0,0,0,0,1,0,"R21721"
-512820000,0,0,0,0,0,0,"R21721"
-512810000,1,0,0,0,1,0,"R21721"
-512800000,1,0,0,0,1,0,"R21721"
-512790000,1,0,0,0,1,0,"R21721"
-512780000,0,0,0,1,0,0,"R21721"
-512770000,0,1,0,1,1,0,"R21721"
-512760000,0,0,0,1,0,0,"R21721"
-512750000,0,0,0,0,0,0,"R21721"
-512740000,0,0,0,0,1,0,"R21721"
-512730000,0,0,0,0,0,0,"R21721"
-512720000,0,0,0,1,1,0,"R21721"
-512710000,0,1,0,0,0,0,"R21721"
-512700000,0,0,0,0,0,0,"R21721"
-512690000,0,0,0,0,1,0,"R21721"
-512680000,0,0,0,0,1,0,"R21721"
-512670000,0,1,0,0,1,0,"R21721"
-512660000,0,1,0,1,1,0,"R21721"
-512650000,0,0,0,1,1,0,"R21721"
-512640000,1,0,0,0,0,0,"R21721"
-512630000,0,1,0,0,1,0,"R21721"
-512620000,0,0,0,0,1,0,"R21721"
-512610000,1,0,0,0,1,0,"R21721"
-512560000,1,1,0,0,1,0,"R21721"
-512540000,0,1,0,0,0,0,"R21721"
-512420000,1,0,0,0,0,0,"R21721"
-512410000,0,1,0,0,0,0,"R21721"
-512400000,1,0,0,0,0,0,"R21721"
-512230000,0,1,0,0,0,0,"R21721"
-512140000,1,0,0,1,0,0,"R21721"
-512080000,0,0,0,0,0,0,"R21721"
-512040000,0,1,0,0,0,0,"R21721"
-512030000,0,0,0,0,0,0,"R21721"
-512020000,0,1,0,0,0,0,"R21721"
-512010000,0,0,0,0,0,0,"R21721"
-5.12e+08,0,1,0,0,0,0,"R21721"
-511990000,0,0,0,0,1,0,"R21721"
-511950000,0,1,0,0,0,0,"R21721"
-511790000,1,1,0,0,0,0,"R21721"
-511740000,0,0,0,0,0,0,"R21721"
-511730000,0,1,0,0,0,0,"R21721"
-511720000,0,1,0,0,1,0,"R21721"
-501110000,0,1,0,1,0,0,"R21721"
-501060000,0,0,0,1,1,0,"R21721"
-501050000,0,0,0,1,0,0,"R21721"
-501030000,0,1,0,0,1,1,"R21721"
-501020000,0,1,0,0,0,0,"R21721"
-501010000,0,1,0,0,1,0,"R21721"
-5.01e+08,0,1,0,0,1,0,"R21721"
-500980000,0,1,0,1,0,0,"R21721"
-500910000,0,1,0,1,1,0,"R21721"
-500870000,0,1,0,0,0,0,"R21721"
-500860000,0,0,0,0,0,0,"R21721"
-500850000,0,0,0,1,1,0,"R21721"
-500840000,0,0,0,1,1,0,"R21721"
-500830000,0,0,0,1,0,0,"R21721"
-500820000,0,1,0,0,0,0,"R21721"
-500810000,1,0,1,0,0,0,"R21721"
-500800000,1,0,1,0,0,0,"R21721"
-500770000,0,1,0,0,1,0,"R21721"
-500750000,0,1,1,0,1,0,"R21721"
-500740000,0,0,0,0,1,0,"R21721"
-500730000,0,0,0,0,0,0,"R21721"
-500720000,1,0,0,0,0,0,"R21721"
-500710000,0,0,0,0,1,0,"R21721"
-500700000,0,1,0,0,1,0,"R21721"
-500690000,0,1,0,0,1,0,"R21721"
-500680000,0,0,0,0,0,0,"R21721"
-500670000,0,1,0,0,1,0,"R21721"
-500660000,0,1,0,0,0,0,"R21721"
-500650000,0,1,0,0,1,0,"R21721"
-500640000,0,0,0,0,0,0,"R21721"
-500630000,0,0,0,0,0,0,"R21721"
-500120000,0,0,0,0,1,0,"R21721"
-500110000,0,0,0,0,1,0,"R21721"
-500100000,1,0,0,0,1,0,"R21721"
-491680000,0,0,0,1,0,0,"R21721"
-491640000,1,1,0,0,0,0,"R21721"
-491630000,0,0,0,0,1,0,"R21721"
-491620000,1,0,0,0,0,0,"R21721"
-491600000,1,0,0,0,0,0,"R21721"
-491590000,1,1,0,0,0,0,"R21721"
-491580000,0,0,0,0,0,0,"R21721"
-491570000,1,0,0,0,1,0,"R21721"
-491560000,1,0,0,0,1,0,"R21721"
-491550000,0,0,0,0,1,0,"R21721"
-491540000,1,0,0,0,0,0,"R21721"
-491530000,1,0,0,0,1,0,"R21721"
-491520000,0,0,0,0,0,0,"R21721"
-470640000,0,1,0,0,1,0,"C10970"
-470630000,0,1,0,1,0,0,"C10970"
-470450000,0,0,0,0,0,0,"G41607"
-208720000,0,0,0,0,1,0,"R11498"
1424,0,0,0,0,0,0,"C10970"
1706,0,0,0,0,0,0,"R11921"
3507,0,0,0,0,0,0,"R11796"
3790,0,0,0,0,0,0,"R21721"
3792,0,0,0,0,0,0,"R21721"
3794,0,0,0,0,0,0,"R21721"
3795,0,0,0,0,0,0,"R21721"
3796,0,0,0,0,0,0,"R21721"
3797,0,0,0,0,0,0,"R21721"
3851,0,0,0,0,0,0,"R21721"
3858,0,0,0,0,0,0,"R11796"
3917,0,0,0,0,0,0,"R21721"
3922,0,0,0,0,0,0,"R21721"
7183,0,0,0,0,0,0,"G41607"
7187,0,0,0,0,0,0,"G41607"
7188,0,0,0,0,0,0,"G41607"
7189,0,0,0,0,0,0,"G41607"
7190,0,0,0,0,0,0,"G41607"
7191,0,0,0,0,0,0,"G41607"
7283,0,0,0,0,0,0,"G41607"
7284,0,0,0,0,0,0,"G41607"
7285,0,0,0,0,0,0,"C10970"
7286,0,0,0,0,0,0,"C10970"
10551,0,0,0,0,0,0,"R11498"
10606,0,0,0,0,0,0,"G41607"
10607,0,0,0,0,0,0,"G41607"
10610,0,0,0,0,0,0,"G41607"
10611,0,0,0,0,0,0,"G41607"
10615,0,0,0,0,0,0,"G41607"
10616,0,0,0,0,0,0,"G41607"
10619,0,0,0,0,0,0,"G41607"
10626,0,0,0,0,0,0,"G41607"
10627,0,0,0,0,0,0,"G41607"
10628,0,0,0,0,0,0,"G41607"
10830,0,0,0,0,0,0,"R11498"
10832,0,0,0,0,0,0,"R11498"
11421,0,0,0,0,0,0,"R11921"
11422,0,0,0,0,0,0,"R11921"
11424,0,0,0,0,0,0,"R11921"
11543,0,0,0,0,0,0,"R11498"
11544,0,0,0,0,0,0,"R11498"
11548,0,0,0,0,0,0,"R11498"
11553,0,0,0,0,0,0,"R11498"
11572,0,0,0,0,0,0,"R11498"
11582,0,0,0,0,0,0,"R11498"
11583,0,0,0,0,0,0,"R11498"
11585,0,0,0,0,0,0,"R11498"
11586,0,0,0,0,0,0,"R11498"
11587,0,0,0,0,0,0,"R11498"
11588,0,0,0,0,0,0,"R11498"
11595,0,0,0,0,0,0,"R11921"
14571,0,0,0,0,0,0,"R11498"
14572,0,0,0,0,0,0,"R11498"
14573,0,0,0,0,0,0,"R11498"
14574,0,0,0,0,0,0,"R11498"
14576,0,0,0,0,0,0,"R11498"
14577,0,0,0,0,0,0,"R11498"
14578,0,0,0,0,0,0,"R11498"
14607,0,0,0,0,0,0,"R11498"
14700,0,0,0,0,0,0,"R11796"
14701,0,0,0,0,0,0,"R11796"
14702,0,0,0,0,0,0,"R11796"
14703,0,0,0,0,0,0,"R11796"
14704,0,0,0,0,0,0,"R11796"
14705,0,0,0,0,0,0,"R11796"
14706,0,0,0,0,0,0,"R11796"
14707,0,0,0,0,0,0,"R11796"
14711,0,0,0,0,0,0,"R11796"
14712,0,0,0,0,0,0,"R11796"
14713,0,0,0,0,0,0,"R11796"
14720,0,0,0,0,0,0,"R11796"
14721,0,0,0,0,0,0,"R11796"
14722,0,0,0,0,0,0,"R11796"
14723,0,0,0,0,0,0,"R11796"
14724,0,0,0,0,0,0,"R11796"
14726,0,0,0,0,0,0,"R11796"
14731,0,0,0,0,0,0,"R11796"
14732,0,0,0,0,0,0,"R11796"
14733,0,0,0,0,0,0,"R11796"
14734,0,0,0,0,0,0,"R11796"
15614,0,0,0,0,0,0,"R21721"
15637,0,0,0,0,0,0,"R21721"
15638,0,0,0,0,0,0,"R21721"
15639,0,0,0,0,0,0,"R21721"
15683,0,0,0,0,0,0,"R21721"
15684,0,0,0,0,0,0,"R21721"
15685,0,0,0,0,0,0,"R21721"
15700,0,0,0,0,0,0,"R21721"
15701,0,0,0,0,0,0,"R21721"
15702,0,0,0,0,0,0,"R21721"
15703,0,0,0,0,0,0,"R21721"
15704,0,0,0,0,0,0,"R21721"
15715,0,0,0,0,0,0,"R21721"
15716,0,0,0,0,0,0,"R21721"
15724,0,0,0,0,0,0,"R21721"
15727,0,0,0,0,0,0,"R21721"
15728,0,0,0,0,0,0,"R21721"
15729,0,0,0,0,0,0,"R21721"
15730,0,0,0,0,0,0,"R21721"
15734,0,0,0,0,0,0,"R21721"
15735,0,0,0,0,0,0,"R21721"
15745,0,0,0,0,0,0,"R21721"
15746,0,0,0,0,0,0,"R21721"
15751,0,0,0,0,0,0,"R21721"
15752,0,0,0,0,0,0,"R21721"
15754,0,0,0,0,0,0,"R21721"
15755,0,0,0,0,0,0,"R21721"
15756,0,0,0,0,0,0,"R21721"
15757,0,0,0,0,0,0,"R21721"
15758,0,0,0,0,0,0,"R21721"
15759,0,0,0,0,0,0,"R21721"
15760,0,0,0,0,0,0,"R21721"
15761,0,0,0,0,0,0,"R21721"
15762,0,0,0,0,0,0,"R21721"
15763,0,0,0,0,0,0,"R21721"
15764,0,0,0,0,0,0,"R21721"
15765,0,0,0,0,0,0,"R21721"
15766,0,0,0,0,0,0,"R21721"
15767,0,0,0,0,0,0,"R21721"
15768,0,0,0,0,0,0,"R21721"
15769,0,0,0,0,0,0,"R21721"
15785,0,0,0,0,0,0,"R21721"
15786,0,0,0,0,0,0,"R21721"
15787,0,0,0,0,0,0,"R21721"
15788,0,0,0,0,0,0,"R21721"
15789,0,0,0,0,0,0,"R21721"
15790,0,0,0,0,0,0,"R21721"
15791,0,0,0,0,0,0,"R21721"
15792,0,0,0,0,0,0,"R21721"
15793,0,0,0,0,0,0,"R21721"
15794,0,0,0,0,0,0,"R21721"
15797,0,0,0,0,0,0,"R21721"
15798,0,0,0,0,0,0,"R21721"
15799,0,0,0,0,0,0,"R21721"
16110,0,0,0,0,0,0,"R21721"
16124,0,0,0,0,0,0,"R21721"
29268,0,0,0,0,0,0,"C10970"
29270,0,0,0,0,0,0,"C10970"
29271,0,0,0,0,0,0,"C10970"
29272,0,0,0,0,0,0,"C10970"
29292,0,0,0,0,0,0,"G41607"
29293,0,0,0,0,0,0,"G41607"
29294,0,0,0,0,0,0,"G41607"
29304,0,0,0,0,0,0,"G41607"
29305,0,0,0,0,0,0,"G41607"
29306,0,0,0,0,0,0,"G41607"
29307,0,0,0,0,0,0,"G41607"
29309,0,0,0,0,0,0,"G41607"
29310,0,0,0,0,0,0,"G41607"
29321,0,0,0,0,0,0,"G41607"
31490,0,0,0,0,0,0,"R21721"
31496,0,0,0,0,0,0,"R21721"
31497,0,0,0,0,0,0,"R21721"
31980,0,0,0,0,0,0,"R21721"
31981,0,0,0,0,0,0,"R21721"
31985,0,0,0,0,0,0,"R21721"
35019,0,0,0,0,0,0,"R21721"
35029,0,0,0,0,0,0,"R21721"
35334,0,0,0,0,0,0,"R11498"
35604,0,0,0,0,0,0,"R21721"
36046,0,0,0,0,0,0,"R11498"
43486,0,0,0,0,0,0,"R21721"
43509,0,0,0,0,0,0,"R11921"
43610,0,0,0,0,0,0,"G41607"
43624,0,0,0,0,0,0,"R11921"
43648,0,0,0,0,0,0,"R11921"
43704,0,0,0,0,0,0,"R21721"
43715,0,0,0,0,0,0,"R21721"
43724,0,0,0,0,0,0,"R11498"
43727,0,0,0,0,0,0,"R11498"
43729,0,0,0,0,0,0,"R11498"
43730,0,0,0,0,0,0,"R11796"
43731,0,0,0,0,0,0,"R11498"
43776,0,0,0,0,0,0,"R11921"
43777,0,0,0,0,0,0,"R11921"
43916,0,0,0,0,0,0,"R11921"
44266,0,0,0,0,0,0,"R21721"
44334,0,0,0,0,0,0,"R21721"
45219,0,0,0,0,0,0,"R21721"
45844,0,0,0,0,0,0,"G41607"
45848,0,0,0,0,0,0,"G41607"
49561,0,0,0,0,0,0,"R21721"
49701,0,0,0,0,0,0,"R11921"
49839,0,0,0,0,0,0,"R21721"
52431,0,0,0,0,0,0,"R11796"
52651,0,0,0,0,0,0,"R11796"
52767,0,0,0,0,0,0,"R11796"
52788,0,0,0,0,0,0,"R21721"
52797,0,0,0,0,0,0,"R11796"
52824,0,0,0,0,0,0,"R11796"
52965,0,0,0,0,0,0,"R11796"
53217,0,0,0,0,0,0,"R11921"
53219,0,0,0,0,0,0,"R11921"
53260,0,0,0,0,0,0,"R11498"
53367,0,0,0,0,0,0,"G41607"
53369,0,0,0,0,0,0,"G41607"
53370,0,0,0,0,0,0,"G41607"
53513,0,0,0,0,0,0,"R21721"
53515,0,0,0,0,0,0,"R21721"
54109,0,0,0,0,0,0,"R11796"
54408,0,0,0,0,0,0,"R21721"
54936,0,0,0,0,0,0,"R21721"
54944,0,0,0,0,0,0,"R21721"
54945,0,0,0,0,0,0,"R21721"
55067,0,0,0,0,0,0,"R21721"
55397,0,0,0,0,0,0,"R11796"
55407,0,0,0,0,0,0,"R11796"
55409,0,0,0,0,0,0,"R11796"
55411,0,0,0,0,0,0,"R11796"
56673,0,0,0,0,0,0,"R11498"
56674,0,0,0,0,0,0,"R11498"
56676,0,0,0,0,0,0,"R11498"
56678,0,0,0,0,0,0,"R11498"
56680,0,0,0,0,0,0,"R11498"
56684,0,0,0,0,0,0,"R11498"
56702,0,0,0,0,0,0,"G41607"
56793,0,0,0,0,0,0,"R11921"
57085,0,0,0,0,0,0,"R21721"
59640,0,0,0,0,0,0,"R21721"
59773,0,0,0,0,0,0,"R11498"
59924,0,0,0,0,0,0,"R11498"
60085,0,0,0,0,0,0,"R11796"
60089,0,0,0,0,0,0,"R11796"
60091,0,0,0,0,0,0,"R11796"
60094,0,0,0,0,0,0,"R11796"
60499,0,0,0,0,0,0,"R21721"
61425,0,0,0,0,0,0,"R21721"
61426,0,0,0,0,0,0,"R21721"
61428,0,0,0,0,0,0,"R21721"
61500,0,0,0,0,0,0,"R21721"
62293,0,0,0,0,0,0,"R21721"
62812,0,0,0,0,0,0,"G41607"
62820,0,0,0,0,0,0,"G41607"
62821,0,0,0,0,0,0,"G41607"
62823,0,0,0,0,0,0,"G41607"
62826,0,0,0,0,0,0,"R21721"
63067,0,0,0,0,0,0,"G41607"
63108,0,0,0,0,0,0,"G41607"
63113,0,0,0,0,0,0,"G41607"
65006,0,0,0,0,0,0,"R11796"
65007,0,0,0,0,0,0,"R11796"
66499,0,0,0,0,0,0,"R21721"
67174,0,0,0,0,0,0,"R21721"
67175,0,0,0,0,0,0,"R21721"
68364,0,0,0,0,0,0,"G41607"
68374,0,0,0,0,0,0,"G41607"
69160,0,0,0,0,0,0,"R21721"
69229,0,0,0,0,0,0,"R21721"
69907,0,0,0,0,0,0,"R11921"
70769,0,0,0,0,0,0,"R11921"
70853,0,0,0,0,0,0,"R11796"
71513,0,0,0,0,0,0,"R11796"
71556,0,0,0,0,0,0,"R21721"
72415,0,0,0,0,0,0,"R11796"
72965,0,0,0,0,0,0,"R11498"
75012,0,0,0,0,0,0,"R11796"
75013,0,0,0,0,0,0,"R11796"
75052,0,0,0,0,0,0,"R11796"
75054,0,0,0,0,0,0,"R11796"
75056,0,0,0,0,0,0,"R11796"
75161,0,0,0,0,0,0,"R21721"
75538,0,0,0,0,0,0,"C10970"
75542,0,0,0,0,0,0,"C10970"
75545,0,0,0,0,0,0,"C10970"
75548,0,0,0,0,0,0,"C10970"
75549,0,0,0,0,0,0,"C10970"
75593,0,0,0,0,0,0,"G41607"
75594,0,0,0,0,0,0,"G41607"
75595,0,0,0,0,0,0,"G41607"
75598,0,0,0,0,0,0,"R11498"
75601,0,0,0,0,0,0,"R11498"
75603,0,0,0,0,0,0,"R11498"
75604,0,0,0,0,0,0,"R11498"
75605,0,0,0,0,0,0,"R11498"
76071,0,0,0,0,0,0,"R11796"
76595,0,0,0,0,0,0,"R11796"
77449,0,0,0,0,0,0,"R11796"
77468,0,0,0,0,0,0,"R11796"
77471,0,0,0,0,0,0,"R11796"
77472,0,0,0,0,0,0,"R11796"
77473,0,0,0,0,0,0,"R11796"
78683,0,0,0,0,0,0,"R11796"
79085,0,0,0,0,0,0,"R11498"
79086,0,0,0,0,0,0,"R11498"
79090,0,0,0,0,0,0,"R11498"
79091,0,0,0,0,0,0,"R11498"
79092,0,0,0,0,0,0,"R11498"
79093,0,0,0,0,0,0,"R11498"
79683,0,0,0,0,0,0,"G41607"
79684,0,0,0,0,0,0,"G41607"
79877,0,0,0,0,0,0,"R11498"
81615,0,0,0,0,0,0,"R11498"
81851,0,0,0,0,0,0,"R11498"
81927,0,0,0,0,0,0,"G41607"
81928,0,0,0,0,0,0,"G41607"
81929,0,0,0,0,0,0,"G41607"
82041,0,0,0,0,0,0,"R11796"
82042,0,0,0,0,0,0,"R11796"
82044,0,0,0,0,0,0,"R11796"
82045,0,0,0,0,0,0,"R11796"
82459,0,0,0,0,0,0,"R21721"
82612,0,0,0,0,0,0,"R11796"
84778,0,0,0,0,0,0,"R11796"
85334,0,0,0,0,0,0,"G41607"
85335,0,0,0,0,0,0,"G41607"
85356,0,0,0,0,0,0,"G41607"
85977,0,0,0,0,0,0,"R11498"
85979,0,0,0,0,0,0,"R11498"
85986,0,0,0,0,0,0,"R21721"
86678,0,0,0,0,0,0,"R21721"
86791,0,0,0,0,0,0,"R21721"
86835,0,0,0,0,0,0,"R21721"
86848,0,0,0,0,0,0,"R21721"
87046,0,0,0,0,0,0,"R21721"
87593,0,0,0,0,0,0,"R21721"
87611,0,0,0,0,0,0,"R21721"
87616,0,0,0,0,0,0,"R21721"
87617,0,0,0,0,0,0,"R21721"
88549,0,0,0,0,0,0,"R11796"
88639,0,0,0,0,0,0,"R11498"
88642,0,0,0,0,0,0,"R11498"
88991,0,0,0,0,0,0,"R11498"
88992,0,0,0,0,0,0,"R11498"
89490,0,0,0,0,0,0,"R21721"
89764,0,0,0,0,0,0,"R11498"
89823,0,0,0,0,0,0,"R21721"
90246,0,0,0,0,0,0,"R11498"
90264,0,0,0,0,0,0,"R11498"
90271,0,0,0,0,0,0,"R11498"
90281,0,0,0,0,0,0,"R11498"
90582,0,0,0,0,0,0,"R11498"
94039,0,0,0,0,0,0,"R21721"
94109,0,0,0,0,0,0,"R11498"
94110,0,0,0,0,0,0,"R11498"
94111,0,0,0,0,0,0,"R11498"
94113,0,0,0,0,0,0,"R11498"
94115,0,0,0,0,0,0,"R11498"
95008,0,0,0,0,0,0,"R11498"
95219,0,0,0,0,0,0,"R11498"
96058,0,0,0,0,0,0,"R11498"
97139,0,0,0,0,0,0,"R11796"
97469,0,0,0,0,0,0,"R21721"
97475,0,0,0,0,0,0,"R21721"
97825,0,0,0,0,0,0,"R11796"
97934,0,0,0,0,0,0,"R11796"
97959,0,0,0,0,0,0,"R21721"
97971,0,0,0,0,0,0,"R21721"
98140,0,0,0,0,0,0,"R11796"
98551,0,0,0,0,0,0,"R11921"
98569,0,0,0,0,0,0,"R11921"
98699,0,0,0,0,0,0,"R11921"
98992,0,0,0,0,0,0,"R11498"
101316,0,0,0,0,0,0,"G41607"
101735,0,0,0,0,0,0,"R11498"
101740,0,0,0,0,0,0,"R11498"
101958,0,0,0,0,0,0,"R11498"
101960,0,0,0,0,0,0,"R11498"
101963,0,0,0,0,0,0,"R11498"
102016,0,0,0,0,0,0,"R11498"
102030,0,0,0,0,0,0,"R11498"
102033,0,0,0,0,0,0,"R11498"
102478,0,0,0,0,0,0,"R21721"
102831,0,0,0,0,0,0,"R21721"
103285,0,0,0,0,0,0,"G41607"
103555,0,0,0,0,0,0,"R11796"
103813,0,0,0,0,0,0,"G41607"
103825,0,0,0,0,0,0,"G41607"
103830,0,0,0,0,0,0,"G41607"
103859,0,0,0,0,0,0,"R21721"
103869,0,0,0,0,0,0,"G41607"
103870,0,0,0,0,0,0,"G41607"
104793,0,0,0,0,0,0,"R11498"
104798,0,0,0,0,0,0,"R11498"
104801,0,0,0,0,0,0,"R11498"
104818,0,0,0,0,0,0,"R11796"
104821,0,0,0,0,0,0,"R11796"
104823,0,0,0,0,0,0,"R11796"
104824,0,0,0,0,0,0,"R11796"
104925,0,0,0,0,0,0,"R11796"
105184,0,0,0,0,0,0,"R11796"
105285,0,0,0,0,0,0,"R11498"
105339,0,0,0,0,0,0,"R11921"
106197,0,0,0,0,0,0,"R21721"
106198,0,0,0,0,0,0,"R21721"
106919,0,0,0,0,0,0,"R21721"
106926,0,0,0,0,0,0,"R21721"
106928,0,0,0,0,0,0,"R21721"
106930,0,0,0,0,0,0,"R21721"
106932,0,0,0,0,0,0,"R21721"
106994,0,0,0,0,0,0,"R11796"
107003,0,0,0,0,0,0,"R11796"
107009,0,0,0,0,0,0,"R11796"
107048,0,0,0,0,0,0,"R21721"
107052,0,0,0,0,0,0,"R21721"
107277,0,0,0,0,0,0,"R11796"
107279,0,0,0,0,0,0,"R11796"
107281,0,0,0,0,0,0,"R11796"
107375,0,0,0,0,0,0,"R11796"
107377,0,0,0,0,0,0,"R11796"
107380,0,0,0,0,0,0,"R21721"
107383,0,0,0,0,0,0,"R21721"
107387,0,0,0,0,0,0,"R11796"
107388,0,0,0,0,0,0,"R11796"
107390,0,0,0,0,0,0,"R11796"
107392,0,0,0,0,0,0,"R11796"
107400,0,0,0,0,0,0,"R11796"
107593,0,0,0,0,0,0,"R11921"
107967,0,0,0,0,0,0,"R11796"
107968,0,0,0,0,0,0,"R11796"
108518,0,0,0,0,0,0,"C10970"
109953,0,0,0,0,0,0,"R11796"
109955,0,0,0,0,0,0,"R11796"
109956,0,0,0,0,0,0,"R11796"
109957,0,0,0,0,0,0,"R11796"
109958,0,0,0,0,0,0,"R11796"
110204,0,0,0,0,0,0,"R11498"
110504,0,0,0,0,0,0,"R21721"
111940,0,0,0,0,0,0,"R21721"
111943,0,0,0,0,0,0,"R21721"
112176,0,0,0,0,0,0,"R21721"
113153,0,0,0,0,0,0,"R11796"
113223,0,0,0,0,0,0,"R11796"
113224,0,0,0,0,0,0,"R11796"
113225,0,0,0,0,0,0,"R11796"
113347,0,0,0,0,0,0,"R21721"
113349,0,0,0,0,0,0,"R21721"
113350,0,0,0,0,0,0,"R21721"
114613,0,0,0,0,0,0,"R11796"
114614,0,0,0,0,0,0,"R11796"
115305,0,0,0,0,0,0,"R21721"
115361,0,0,0,0,0,0,"R11921"
115363,0,0,0,0,0,0,"R11921"
115690,0,0,0,0,0,0,"R11796"
115693,0,0,0,0,0,0,"R11796"
115695,0,0,0,0,0,0,"R11796"
115696,0,0,0,0,0,0,"R11796"
115697,0,0,0,0,0,0,"R11796"
115698,0,0,0,0,0,0,"R11796"
115699,0,0,0,0,0,0,"R11796"
115756,0,0,0,0,0,0,"R11796"
116139,0,0,0,0,0,0,"R11498"
116149,0,0,0,0,0,0,"R11498"
116152,0,0,0,0,0,0,"R11498"
116168,0,0,0,0,0,0,"R11921"
116169,0,0,0,0,0,0,"R11921"
116170,0,0,0,0,0,0,"R11921"
116272,0,0,0,0,0,0,"R11921"
116335,0,0,0,0,0,0,"R11921"
116366,0,0,0,0,0,0,"R11498"
116374,0,0,0,0,0,0,"R11796"
116375,0,0,0,0,0,0,"R11796"
116378,0,0,0,0,0,0,"R11796"
116381,0,0,0,0,0,0,"R11796"
116391,0,0,0,0,0,0,"R11796"
116641,0,0,0,0,0,0,"R11921"
116650,0,0,0,0,0,0,"R11921"
116652,0,0,0,0,0,0,"R11921"
116691,0,0,0,0,0,0,"R11921"
116693,0,0,0,0,0,0,"R11921"
116710,0,0,0,0,0,0,"R21721"
116711,0,0,0,0,0,0,"R21721"
116712,0,0,0,0,0,0,"R21721"
116713,0,0,0,0,0,0,"R21721"
116714,0,0,0,0,0,0,"R21721"
116716,0,0,0,0,0,0,"R21721"
117303,0,0,0,0,0,0,"C10970"
117779,0,0,0,0,0,0,"R11921"
118468,0,0,0,0,0,0,"R11796"
118470,0,0,0,0,0,0,"R11796"
118471,0,0,0,0,0,0,"R11796"
118509,0,0,0,0,0,0,"R11498"
118510,0,0,0,0,0,0,"R11498"
118512,0,0,0,0,0,0,"R11498"
118513,0,0,0,0,0,0,"R11498"
118706,0,0,0,0,0,0,"R11796"
118712,0,0,0,0,0,0,"R11796"
118714,0,0,0,0,0,0,"R11796"
118715,0,0,0,0,0,0,"R11796"
118717,0,0,0,0,0,0,"R11796"
118719,0,0,0,0,0,0,"R11796"
118725,0,0,0,0,0,0,"R11796"
118726,0,0,0,0,0,0,"R11796"
118730,0,0,0,0,0,0,"R11796"
118736,0,0,0,0,0,0,"R11796"
118737,0,0,0,0,0,0,"R11796"
118738,0,0,0,0,0,0,"R11796"
118745,0,0,0,0,0,0,"R11796"
118750,0,0,0,0,0,0,"R11796"
118757,0,0,0,0,0,0,"R11796"
118764,0,0,0,0,0,0,"R11796"
118853,0,0,0,0,0,0,"R11796"
118859,0,0,0,0,0,0,"R11796"
118865,0,0,0,0,0,0,"R11796"
118936,0,0,0,0,0,0,"R11796"
119149,0,0,0,0,0,0,"R11796"
119150,0,0,0,0,0,0,"R11796"
119151,0,0,0,0,0,0,"R11796"
119152,0,0,0,0,0,0,"R11796"
119153,0,0,0,0,0,0,"R11796"
119154,0,0,0,0,0,0,"R11796"
119155,0,0,0,0,0,0,"R11796"
119156,0,0,0,0,0,0,"R11796"
119157,0,0,0,0,0,0,"R11796"
119162,0,0,0,0,0,0,"R11796"
119163,0,0,0,0,0,0,"R11796"
119164,0,0,0,0,0,0,"R11796"
119167,0,0,0,0,0,0,"R11796"
119168,0,0,0,0,0,0,"R11796"
119169,0,0,0,0,0,0,"R11796"
119202,0,0,0,0,0,0,"R11498"
119203,0,0,0,0,0,0,"R11498"
119204,0,0,0,0,0,0,"R11498"
119205,0,0,0,0,0,0,"R11498"
119240,0,0,0,0,0,0,"R21721"
119444,0,0,0,0,0,0,"R11796"
119445,0,0,0,0,0,0,"R11796"
119459,0,0,0,0,0,0,"R11796"
119892,0,0,0,0,0,0,"R11796"
119929,0,0,0,0,0,0,"R21721"
122045,0,0,0,0,0,0,"R21721"
122330,0,0,0,0,0,0,"R11796"
122491,0,0,0,0,0,0,"R11921"
122493,0,0,0,0,0,0,"R11921"
1001560,0,0,0,0,0,0,"G41607"
1003443,0,0,0,0,0,0,"G41607"
1003444,0,0,0,0,0,0,"G41607"
1003446,0,0,0,0,0,0,"G41607"
1003453,0,0,0,0,0,0,"G41607"
1003455,0,0,0,0,0,0,"G41607"
1003619,0,0,0,0,0,0,"G41607"
1003620,0,0,0,0,0,0,"G41607"
1003621,0,0,0,0,0,0,"G41607"
1003622,0,0,0,0,0,0,"G41607"
1003660,0,0,0,0,0,0,"G41607"
1003662,0,0,0,0,0,0,"G41607"
1003683,0,0,0,0,0,0,"G41607"
1003942,0,0,0,0,0,0,"G41607"
1003951,0,0,0,0,0,0,"G41607"
1003959,0,0,0,0,0,0,"G41607"
1003960,0,0,0,0,0,0,"G41607"
1003961,0,0,0,0,0,0,"G41607"
1003975,0,0,0,0,0,0,"G41607"
1006575,0,0,0,0,0,0,"R11796"
1006791,0,0,0,0,0,0,"R11796"
1006793,0,0,0,0,0,0,"R11796"
1006803,0,0,0,0,0,0,"R11796"
1006804,0,0,0,0,0,0,"R11796"
1006830,0,0,0,0,0,0,"G41607"
1006831,0,0,0,0,0,0,"G41607"
1006854,0,0,0,0,0,0,"G41607"
1006855,0,0,0,0,0,0,"G41607"
1006856,0,0,0,0,0,0,"G41607"
1006862,0,0,0,0,0,0,"G41607"
1006999,0,0,0,0,0,0,"R11498"
1007001,0,0,0,0,0,0,"R11498"
1007004,0,0,0,0,0,0,"R11498"
1007022,0,0,0,0,0,0,"R11498"
1007023,0,0,0,0,0,0,"R11498"
1007025,0,0,0,0,0,0,"R11498"
1007026,0,0,0,0,0,0,"R11498"
1007029,0,0,0,0,0,0,"R11498"
1007031,0,0,0,0,0,0,"R11498"
1007116,0,0,0,0,0,0,"R11498"
1007117,0,0,0,0,0,0,"R11498"
1007864,0,0,0,0,0,0,"R11498"
1007865,0,0,0,0,0,0,"R11498"
1007868,0,0,0,0,0,0,"R11498"
1007870,0,0,0,0,0,0,"R11498"
1007871,0,0,0,0,0,0,"R11498"
1007873,0,0,0,0,0,0,"R11498"
1007874,0,0,0,0,0,0,"R11498"
1007880,0,0,0,0,0,0,"R11498"
1007888,0,0,0,0,0,0,"R11498"
1007889,0,0,0,0,0,0,"R11498"
1007894,0,0,0,0,0,0,"R11498"
1007909,0,0,0,0,0,0,"R11498"
1007910,0,0,0,0,0,0,"R11498"
1007912,0,0,0,0,0,0,"R11498"
1007913,0,0,0,0,0,0,"R11498"
1007914,0,0,0,0,0,0,"R11498"
1007915,0,0,0,0,0,0,"R11498"
1007943,0,0,0,0,0,0,"R11498"
1007944,0,0,0,0,0,0,"R11498"
1007945,0,0,0,0,0,0,"R11498"
1007946,0,0,0,0,0,0,"R11498"
1008033,0,0,0,0,0,0,"R11796"
1008034,0,0,0,0,0,0,"R11796"
1008035,0,0,0,0,0,0,"R11796"
1008037,0,0,0,0,0,0,"R11796"
1008242,0,0,0,0,0,0,"R11796"
1008243,0,0,0,0,0,0,"R11796"
1008244,0,0,0,0,0,0,"R11796"
1008245,0,0,0,0,0,0,"R11796"
1008246,0,0,0,0,0,0,"R11796"
1008247,0,0,0,0,0,0,"R11796"
1008248,0,0,0,0,0,0,"R11796"
1008249,0,0,0,0,0,0,"R11796"
1008250,0,0,0,0,0,0,"R11796"
1008251,0,0,0,0,0,0,"R11796"
1008252,0,0,0,0,0,0,"R11796"
1008253,0,0,0,0,0,0,"R11796"
1008254,0,0,0,0,0,0,"R11796"
1008256,0,0,0,0,0,0,"R11796"
1008257,0,0,0,0,0,0,"R11796"
1008258,0,0,0,0,0,0,"R11796"
1008259,0,0,0,0,0,0,"R11796"
1008260,0,0,0,0,0,0,"R11796"
1008261,0,0,0,0,0,0,"R11796"
1008262,0,0,0,0,0,0,"R11498"
1008294,0,0,0,0,0,0,"R11796"
1008344,0,0,0,0,0,0,"R11796"
1008348,0,0,0,0,0,0,"R11796"
1008349,0,0,0,0,0,0,"R11796"
1008350,0,0,0,0,0,0,"R11796"
1008353,0,0,0,0,0,0,"R11796"
1008355,0,0,0,0,0,0,"R11796"
1008401,0,0,0,0,0,0,"R11796"
1008480,0,0,0,0,0,0,"R11498"
1008481,0,0,0,0,0,0,"R11498"
1008482,0,0,0,0,0,0,"R11498"
1008483,0,0,0,0,0,0,"R11498"
1008922,0,0,0,0,0,0,"R21721"
1009166,0,0,0,0,0,0,"R11498"
1010011,0,0,0,0,0,0,"R11498"
1010019,0,0,0,0,0,0,"R11796"
1010259,0,0,0,0,0,0,"R11796"
1010505,0,0,0,0,0,0,"R21721"
1010524,0,0,0,0,0,0,"G41607"
1023295,0,0,0,0,0,0,"R11498"
1023296,0,0,0,0,0,0,"R11498"
1047817,0,0,0,0,0,0,"R11498"
1047818,0,0,0,0,0,0,"R11498"
1047819,0,0,0,0,0,0,"R11498"
1049140,0,0,0,0,0,0,"R21721"
1049141,0,0,0,0,0,0,"R21721"
1050560,0,0,0,0,0,0,"R21721"
1050561,0,0,0,0,0,0,"R21721"
1050675,0,0,0,0,0,0,"R21721"
1050685,0,0,0,0,0,0,"R21721"
1050686,0,0,0,0,0,0,"R21721"
1050687,0,0,0,0,0,0,"R21721"
1050688,0,0,0,0,0,0,"R21721"
1050689,0,0,0,0,0,0,"R21721"
1050690,0,0,0,0,0,0,"R21721"
1050691,0,0,0,0,0,0,"R21721"
1050692,0,0,0,0,0,0,"R21721"
1050693,0,0,0,0,0,0,"R21721"
1050694,0,0,0,0,0,0,"R21721"
1050696,0,0,0,0,0,0,"R21721"
1050697,0,0,0,0,0,0,"R21721"
1050698,0,0,0,0,0,0,"R21721"
1050699,0,0,0,0,0,0,"R21721"
1050700,0,0,0,0,0,0,"R21721"
1050726,0,0,0,0,0,0,"R21721"
1050822,0,0,0,0,0,0,"R21721"
1050823,0,0,0,0,0,0,"R21721"
1050824,0,0,0,0,0,0,"R21721"
1050836,0,0,0,0,0,0,"R21721"
1050841,0,0,0,0,0,0,"R21721"
1050846,0,0,0,0,0,0,"R21721"
1050847,0,0,0,0,0,0,"R21721"
1050848,0,0,0,0,0,0,"R21721"
1050849,0,0,0,0,0,0,"R21721"
1050850,0,0,0,0,0,0,"R21721"
1050854,0,0,0,0,0,0,"R21721"
1050855,0,0,0,0,0,0,"R21721"
1050856,0,0,0,0,0,0,"R21721"
1050858,0,0,0,0,0,0,"R21721"
1050866,0,0,0,0,0,0,"R21721"
1051661,0,0,0,0,0,0,"R11796"
1051686,0,0,0,0,0,0,"R11796"
1051913,0,0,0,0,0,0,"R21721"
1051914,0,0,0,0,0,0,"R21721"
1051915,0,0,0,0,0,0,"R21721"
1051919,0,0,0,0,0,0,"R21721"
1051920,0,0,0,0,0,0,"R21721"
1051921,0,0,0,0,0,0,"R21721"
1051923,0,0,0,0,0,0,"R21721"
1051925,0,0,0,0,0,0,"R21721"
1051926,0,0,0,0,0,0,"R21721"
1051927,0,0,0,0,0,0,"R21721"
1051928,0,0,0,0,0,0,"R21721"
1051929,0,0,0,0,0,0,"R21721"
1051930,0,0,0,0,0,0,"R21721"
1051931,0,0,0,0,0,0,"R21721"
1051932,0,0,0,0,0,0,"R21721"
1051933,0,0,0,0,0,0,"R21721"
1051934,0,0,0,0,0,0,"R21721"
1051935,0,0,0,0,0,0,"R21721"
1051936,0,0,0,0,0,0,"R21721"
1051939,0,0,0,0,0,0,"R21721"
1051941,0,0,0,0,0,0,"R21721"
1051942,0,0,0,0,0,0,"R21721"
1052123,0,0,0,0,0,0,"R21721"
1052131,0,0,0,0,0,0,"R21721"
1052196,0,0,0,0,0,0,"R21721"
1052197,0,0,0,0,0,0,"R21721"
1052198,0,0,0,0,0,0,"R21721"
1052202,0,0,0,0,0,0,"R21721"
1052203,0,0,0,0,0,0,"R21721"
1052204,0,0,0,0,0,0,"R21721"
1052205,0,0,0,0,0,0,"R21721"
1052206,0,0,0,0,0,0,"R21721"
1052207,0,0,0,0,0,0,"R21721"
1052520,0,0,0,0,0,0,"R21721"
1052522,0,0,0,0,0,0,"R21721"
1052523,0,0,0,0,0,0,"R21721"
1052524,0,0,0,0,0,0,"R21721"
1052526,0,0,0,0,0,0,"R21721"
1052665,0,0,0,0,0,0,"R21721"
1052667,0,0,0,0,0,0,"R11796"
1052668,0,0,0,0,0,0,"R21721"
1052670,0,0,0,0,0,0,"R21721"
1052671,0,0,0,0,0,0,"R21721"
1052672,0,0,0,0,0,0,"R21721"
1052673,0,0,0,0,0,0,"R21721"
1052675,0,0,0,0,0,0,"R21721"
1052994,0,0,0,0,0,0,"R21721"
1053001,0,0,0,0,0,0,"R21721"
1053003,0,0,0,0,0,0,"R21721"
1053004,0,0,0,0,0,0,"R21721"
1053005,0,0,0,0,0,0,"R21721"
1053008,0,0,0,0,0,0,"R21721"
1053629,0,0,0,0,0,0,"R11498"
1054754,0,0,0,0,0,0,"R21721"
1054881,0,0,0,0,0,0,"R11921"
1054907,0,0,0,0,0,0,"R11921"
1055013,0,0,0,0,0,0,"R11921"
1056661,0,0,0,0,0,0,"R11498"
1057397,0,0,0,0,0,0,"R11498"
1058532,0,0,0,0,0,0,"R11498"
1058771,0,0,0,0,0,0,"R11498"
1059103,0,0,0,0,0,0,"R11498"
1059354,0,0,0,0,0,0,"R21721"
1059381,0,0,0,0,0,0,"R21721"
1059382,0,0,0,0,0,0,"R21721"
1059536,0,0,0,0,0,0,"R11498"
1059989,0,0,0,0,0,0,"R21721"
1060016,0,0,0,0,0,0,"R21721"
1060018,0,0,0,0,0,0,"R21721"
1060027,0,0,0,0,0,0,"R21721"
1060028,0,0,0,0,0,0,"R21721"
1060029,0,0,0,0,0,0,"R21721"
1060031,0,0,0,0,0,0,"R21721"
1060290,0,0,0,0,0,0,"R21721"
1060291,0,0,0,0,0,0,"R21721"
1060294,0,0,0,0,0,0,"R21721"
1060301,0,0,0,0,0,0,"R21721"
1060302,0,0,0,0,0,0,"R21721"
1060335,0,0,0,0,0,0,"R21721"
1060926,0,0,0,0,0,0,"R11921"
1061671,0,0,0,0,0,0,"R21721"
1061693,0,0,0,0,0,0,"R21721"
1061701,0,0,0,0,0,0,"R21721"
1061869,0,0,0,0,0,0,"R21721"
1062244,0,0,0,0,0,0,"R21721"
1062245,0,0,0,0,0,0,"R21721"
1062246,0,0,0,0,0,0,"R21721"
1062464,0,0,0,0,0,0,"R21721"
1063347,0,0,0,0,0,0,"R11796"
1063348,0,0,0,0,0,0,"R11796"
1064246,0,0,0,0,0,0,"R21721"
1064316,0,0,0,0,0,0,"R21721"
1064322,0,0,0,0,0,0,"R21721"
1064338,0,0,0,0,0,0,"R21721"
1064342,0,0,0,0,0,0,"R21721"
1064343,0,0,0,0,0,0,"R21721"
1064451,0,0,0,0,0,0,"R21721"
1064468,0,0,0,0,0,0,"R11498"
1064470,0,0,0,0,0,0,"R11498"
1064471,0,0,0,0,0,0,"R11498"
1064474,0,0,0,0,0,0,"R11498"
1064475,0,0,0,0,0,0,"R11498"
1064476,0,0,0,0,0,0,"R11498"
1064521,0,0,0,0,0,0,"R21721"
1064589,0,0,0,0,0,0,"R21721"
1064590,0,0,0,0,0,0,"R21721"
1064591,0,0,0,0,0,0,"R21721"
1064592,0,0,0,0,0,0,"R21721"
1064606,0,0,0,0,0,0,"R21721"
1064610,0,0,0,0,0,0,"R21721"
1064620,0,0,0,0,0,0,"R21721"
1064704,0,0,0,0,0,0,"R11498"
1064705,0,0,0,0,0,0,"R11498"
1064706,0,0,0,0,0,0,"R11498"
1064936,0,0,0,0,0,0,"R21721"
1064939,0,0,0,0,0,0,"G41607"
1064940,0,0,0,0,0,0,"G41607"
1064993,0,0,0,0,0,0,"R21721"
1065004,0,0,0,0,0,0,"R21721"
1065008,0,0,0,0,0,0,"R21721"
1065026,0,0,0,0,0,0,"R21721"
1065029,0,0,0,0,0,0,"R21721"
1065089,0,0,0,0,0,0,"R21721"
1065288,0,0,0,0,0,0,"R21721"
1065291,0,0,0,0,0,0,"R21721"
1065307,0,0,0,0,0,0,"R21721"
1065310,0,0,0,0,0,0,"R21721"
1065324,0,0,0,0,0,0,"R21721"
1065334,0,0,0,0,0,0,"R21721"
1065392,0,0,0,0,0,0,"R21721"
1065393,0,0,0,0,0,0,"R21721"
1065397,0,0,0,0,0,0,"R21721"
1065399,0,0,0,0,0,0,"R21721"
1065402,0,0,0,0,0,0,"R21721"
1065403,0,0,0,0,0,0,"R21721"
1065417,0,0,0,0,0,0,"R21721"
1065426,0,0,0,0,0,0,"R21721"
1065427,0,0,0,0,0,0,"R21721"
1065555,0,0,0,0,0,0,"R21721"
1065559,0,0,0,0,0,0,"R21721"
1065561,0,0,0,0,0,0,"R21721"
1065566,0,0,0,0,0,0,"R21721"
1065567,0,0,0,0,0,0,"R21721"
1065582,0,0,0,0,0,0,"R21721"
1065584,0,0,0,0,0,0,"R21721"
1065586,0,0,0,0,0,0,"R21721"
1065587,0,0,0,0,0,0,"R21721"
1065589,0,0,0,0,0,0,"R21721"
1065598,0,0,0,0,0,0,"R21721"
1065685,0,0,0,0,0,0,"R21721"
1065741,0,0,0,0,0,0,"R21721"
1065746,0,0,0,0,0,0,"R21721"
1065763,0,0,0,0,0,0,"R21721"
1065773,0,0,0,0,0,0,"R21721"
1065783,0,0,0,0,0,0,"R21721"
1065800,0,0,0,0,0,0,"R21721"
1065822,0,0,0,0,0,0,"R21721"
1065826,0,0,0,0,0,0,"R21721"
1065966,0,0,0,0,0,0,"R21721"
1065969,0,0,0,0,0,0,"R21721"
1066001,0,0,0,0,0,0,"R21721"
1066002,0,0,0,0,0,0,"R21721"
1066004,0,0,0,0,0,0,"R21721"
1066017,0,0,0,0,0,0,"R21721"
1066018,0,0,0,0,0,0,"R21721"
1066067,0,0,0,0,0,0,"R21721"
1066071,0,0,0,0,0,0,"R21721"
1066082,0,0,0,0,0,0,"R21721"
1066083,0,0,0,0,0,0,"R21721"
1066085,0,0,0,0,0,0,"R21721"
1066086,0,0,0,0,0,0,"R21721"
1066091,0,0,0,0,0,0,"R21721"
1066092,0,0,0,0,0,0,"R21721"
1066093,0,0,0,0,0,0,"R21721"
1066094,0,0,0,0,0,0,"R21721"
1066123,0,0,0,0,0,0,"R21721"
1066126,0,0,0,0,0,0,"R21721"
1066155,0,0,0,0,0,0,"R11498"
1066182,0,0,0,0,0,0,"R21721"
1066184,0,0,0,0,0,0,"R21721"
1066185,0,0,0,0,0,0,"R21721"
1066187,0,0,0,0,0,0,"R21721"
1066188,0,0,0,0,0,0,"R21721"
1066196,0,0,0,0,0,0,"R21721"
1066197,0,0,0,0,0,0,"R21721"
1066198,0,0,0,0,0,0,"R21721"
1066199,0,0,0,0,0,0,"R21721"
1066200,0,0,0,0,0,0,"R21721"
1066201,0,0,0,0,0,0,"R21721"
1066221,0,0,0,0,0,0,"R21721"
1066222,0,0,0,0,0,0,"R21721"
1066223,0,0,0,0,0,0,"R21721"
1066224,0,0,0,0,0,0,"R21721"
1066225,0,0,0,0,0,0,"R21721"
1066226,0,0,0,0,0,0,"R21721"
1066227,0,0,0,0,0,0,"R21721"
1066262,0,0,0,0,0,0,"R21721"
1066264,0,0,0,0,0,0,"R21721"
1066265,0,0,0,0,0,0,"R21721"
1066272,0,0,0,0,0,0,"R21721"
1066303,0,0,0,0,0,0,"R21721"
1066305,0,0,0,0,0,0,"R21721"
1066307,0,0,0,0,0,0,"R21721"
1066308,0,0,0,0,0,0,"R21721"
1066327,0,0,0,0,0,0,"R21721"
1066330,0,0,0,0,0,0,"R21721"
1066367,0,0,0,0,0,0,"R21721"
1066376,0,0,0,0,0,0,"R21721"
1066390,0,0,0,0,0,0,"R21721"
1066490,0,0,0,0,0,0,"R21721"
1067047,0,0,0,0,0,0,"R11498"
1067059,0,0,0,0,0,0,"R11498"
1067112,0,0,0,0,0,0,"R11498"
1068276,0,0,0,0,0,0,"R21721"
1068277,0,0,0,0,0,0,"R21721"
1068369,0,0,0,0,0,0,"R21721"
1068371,0,0,0,0,0,0,"R21721"
1068372,0,0,0,0,0,0,"R21721"
1068373,0,0,0,0,0,0,"R21721"
1068374,0,0,0,0,0,0,"R21721"
1068381,0,0,0,0,0,0,"R21721"
1068384,0,0,0,0,0,0,"R21721"
1068440,0,0,0,0,0,0,"R21721"
1068526,0,0,0,0,0,0,"R21721"
1068540,0,0,0,0,0,0,"R21721"
1068547,0,0,0,0,0,0,"R21721"
1068561,0,0,0,0,0,0,"R21721"
1068595,0,0,0,0,0,0,"R21721"
1068639,0,0,0,0,0,0,"R21721"
1068641,0,0,0,0,0,0,"R21721"
1068693,0,0,0,0,0,0,"R11796"
1068824,0,0,0,0,0,0,"R11796"
1068949,0,0,0,0,0,0,"R11796"
1068973,0,0,0,0,0,0,"R11796"
1069017,0,0,0,0,0,0,"R21721"
1069019,0,0,0,0,0,0,"R21721"
1069025,0,0,0,0,0,0,"R11796"
1069226,0,0,0,0,0,0,"R11796"
1069228,0,0,0,0,0,0,"R11796"
1069231,0,0,0,0,0,0,"R11796"
1069232,0,0,0,0,0,0,"R11796"
1069236,0,0,0,0,0,0,"R11796"
1069383,0,0,0,0,0,0,"R11796"
1069384,0,0,0,0,0,0,"R11796"
1069386,0,0,0,0,0,0,"R21721"
1069400,0,0,0,0,0,0,"R21721"
1069410,0,0,0,0,0,0,"R21721"
1069491,0,0,0,0,0,0,"R11796"
1069493,0,0,0,0,0,0,"R21721"
1069500,0,0,0,0,0,0,"R11796"
1069518,0,0,0,0,0,0,"R11796"
1069539,0,0,0,0,0,0,"R11796"
1069588,0,0,0,0,0,0,"R11796"
1069592,0,0,0,0,0,0,"R21721"
1069626,0,0,0,0,0,0,"R21721"
1069695,0,0,0,0,0,0,"R11796"
1069710,0,0,0,0,0,0,"R11796"
1069992,0,0,0,0,0,0,"R11921"
1069998,0,0,0,0,0,0,"R11921"
1070062,0,0,0,0,0,0,"R21721"
1070073,0,0,0,0,0,0,"R21721"
1070074,0,0,0,0,0,0,"R21721"
1070075,0,0,0,0,0,0,"R21721"
1070211,0,0,0,0,0,0,"R11498"
1070398,0,0,0,0,0,0,"R11796"
1070630,0,0,0,0,0,0,"R21721"
1070651,0,0,0,0,0,0,"R21721"
1070652,0,0,0,0,0,0,"R21721"
1070653,0,0,0,0,0,0,"R21721"
1070675,0,0,0,0,0,0,"R21721"
1070710,0,0,0,0,0,0,"R21721"
1070712,0,0,0,0,0,0,"R21721"
1071076,0,0,0,0,0,0,"R21721"
1071929,0,0,0,0,0,0,"R21721"
1071930,0,0,0,0,0,0,"R21721"
1071931,0,0,0,0,0,0,"R21721"
1071932,0,0,0,0,0,0,"R21721"
1071933,0,0,0,0,0,0,"R21721"
1071935,0,0,0,0,0,0,"R21721"
1071936,0,0,0,0,0,0,"R21721"
1071937,0,0,0,0,0,0,"R21721"
1071938,0,0,0,0,0,0,"R21721"
1071942,0,0,0,0,0,0,"R21721"
1071945,0,0,0,0,0,0,"R21721"
1071949,0,0,0,0,0,0,"R21721"
1072030,0,0,0,0,0,0,"R11796"
1072078,0,0,0,0,0,0,"R11796"
1072080,0,0,0,0,0,0,"R11796"
1072088,0,0,0,0,0,0,"R11796"
1072108,0,0,0,0,0,0,"R11796"
1072109,0,0,0,0,0,0,"R11796"
1072112,0,0,0,0,0,0,"R11796"
1072113,0,0,0,0,0,0,"R11796"
1072114,0,0,0,0,0,0,"R11796"
1072115,0,0,0,0,0,0,"R11796"
1072175,0,0,0,0,0,0,"R21721"
1072176,0,0,0,0,0,0,"R21721"
1072177,0,0,0,0,0,0,"R21721"
1072178,0,0,0,0,0,0,"R21721"
1072179,0,0,0,0,0,0,"R21721"
1072180,0,0,0,0,0,0,"R21721"
1072181,0,0,0,0,0,0,"R21721"
1072270,0,0,0,0,0,0,"R11796"
1072551,0,0,0,0,0,0,"R11796"
1072554,0,0,0,0,0,0,"R11796"
1072571,0,0,0,0,0,0,"R11796"
1072614,0,0,0,0,0,0,"R11796"
1072616,0,0,0,0,0,0,"R11796"
1072617,0,0,0,0,0,0,"R11796"
1072811,0,0,0,0,0,0,"R11796"
1072812,0,0,0,0,0,0,"R11796"
1072828,0,0,0,0,0,0,"R11796"
1072829,0,0,0,0,0,0,"R11796"
1072830,0,0,0,0,0,0,"R11796"
1072831,0,0,0,0,0,0,"R11796"
1072869,0,0,0,0,0,0,"R21721"
1072870,0,0,0,0,0,0,"R21721"
1072871,0,0,0,0,0,0,"R21721"
1072949,0,0,0,0,0,0,"R11796"
1072950,0,0,0,0,0,0,"R11796"
1072951,0,0,0,0,0,0,"R11796"
1072952,0,0,0,0,0,0,"R11796"
1072953,0,0,0,0,0,0,"R11796"
1072954,0,0,0,0,0,0,"R11796"
1072955,0,0,0,0,0,0,"R11796"
1072956,0,0,0,0,0,0,"R11796"
1072958,0,0,0,0,0,0,"R11796"
1073630,0,0,0,0,0,0,"R11796"
1073641,0,0,0,0,0,0,"R21721"
1073662,0,0,0,0,0,0,"R21721"
1073663,0,0,0,0,0,0,"R21721"
1073664,0,0,0,0,0,0,"R21721"
1073707,0,0,0,0,0,0,"R11796"
1074379,0,0,0,0,0,0,"R11796"
1074382,0,0,0,0,0,0,"R11796"
1074485,0,0,0,0,0,0,"R21721"
1074486,0,0,0,0,0,0,"R21721"
1075016,0,0,0,0,0,0,"R21721"
1077609,0,0,0,0,0,0,"R11796"
1077611,0,0,0,0,0,0,"R11796"
1080647,0,0,0,0,0,0,"R21721"
1080653,0,0,0,0,0,0,"R21721"
1081452,0,0,0,0,0,0,"R11796"
1087488,0,0,0,0,0,0,"R11498"
1088628,0,0,0,0,0,0,"R11498"
1089528,0,0,0,0,0,0,"R11498"
1090329,0,0,0,0,0,0,"R11921"
1090330,0,0,0,0,0,0,"R11921"
1090331,0,0,0,0,0,0,"R11921"
1090332,0,0,0,0,0,0,"R11921"
1090333,0,0,0,0,0,0,"R11921"
1090334,0,0,0,0,0,0,"R11921"
1090335,0,0,0,0,0,0,"R11921"
1090336,0,0,0,0,0,0,"R11921"
1090343,0,0,0,0,0,0,"R11921"
1090344,0,0,0,0,0,0,"R11921"
1090549,0,0,0,0,0,0,"R11921"
1090570,0,0,0,0,0,0,"R11921"
1090571,0,0,0,0,0,0,"R11921"
1090739,0,0,0,0,0,0,"R11921"
1090968,0,0,0,0,0,0,"R11921"
1090970,0,0,0,0,0,0,"R11921"
1091152,0,0,0,0,0,0,"R11921"
1091153,0,0,0,0,0,0,"R11921"
1091154,0,0,0,0,0,0,"R11921"
1091950,0,0,0,0,0,0,"R21721"
1091951,0,0,0,0,0,0,"R21721"
1091959,0,0,0,0,0,0,"R11921"
1091960,0,0,0,0,0,0,"R11921"
1091961,0,0,0,0,0,0,"R11921"
1091962,0,0,0,0,0,0,"R11921"
1091990,0,0,0,0,0,0,"R11921"
1091991,0,0,0,0,0,0,"R11921"
1091992,0,0,0,0,0,0,"R11921"
1091994,0,0,0,0,0,0,"R11921"
1091995,0,0,0,0,0,0,"R11921"
1091996,0,0,0,0,0,0,"R11921"
1093871,0,0,0,0,0,0,"R11498"
1099290,0,0,0,0,0,0,"R21721"
1099677,0,0,0,0,0,0,"R11921"
1101291,0,0,0,0,0,0,"R21721"
1101450,0,0,0,0,0,0,"R21721"
1104014,0,0,0,0,0,0,"R11498"
1105954,0,0,0,0,0,0,"R11498"
1105955,0,0,0,0,0,0,"R11498"
1106005,0,0,0,0,0,0,"R11498"
1106576,0,0,0,0,0,0,"R11498"
1106838,0,0,0,0,0,0,"R21721"
1107009,0,0,0,0,0,0,"R21721"
1107056,0,0,0,0,0,0,"R21721"
1107091,0,0,0,0,0,0,"R21721"
1107110,0,0,0,0,0,0,"R21721"
1107321,0,0,0,0,0,0,"R21721"
1107510,0,0,0,0,0,0,"R21721"
1107515,0,0,0,0,0,0,"R21721"
1107518,0,0,0,0,0,0,"R21721"
1107519,0,0,0,0,0,0,"R21721"
1107524,0,0,0,0,0,0,"R21721"
1107526,0,0,0,0,0,0,"R21721"
1107584,0,0,0,0,0,0,"R21721"
1107606,0,0,0,0,0,0,"R21721"
1107701,0,0,0,0,0,0,"R21721"
1107727,0,0,0,0,0,0,"R21721"
1107803,0,0,0,0,0,0,"R21721"
1108023,0,0,0,0,0,0,"R21721"
1108035,0,0,0,0,0,0,"R21721"
1108219,0,0,0,0,0,0,"R21721"
1108222,0,0,0,0,0,0,"R21721"
1108244,0,0,0,0,0,0,"R21721"
1112910,0,0,0,0,0,0,"R11921"
1112911,0,0,0,0,0,0,"R11921"
1112912,0,0,0,0,0,0,"R11921"
1113094,0,0,0,0,0,0,"R21721"
1113994,0,0,0,0,0,0,"R11921"
1114030,0,0,0,0,0,0,"R11921"
1114051,0,0,0,0,0,0,"R11921"
1114052,0,0,0,0,0,0,"R11921"
1114123,0,0,0,0,0,0,"R11921"
1114125,0,0,0,0,0,0,"R11921"
1114126,0,0,0,0,0,0,"R11921"
1114128,0,0,0,0,0,0,"R11921"
1114129,0,0,0,0,0,0,"R11921"
1114273,0,0,0,0,0,0,"R11921"
1114274,0,0,0,0,0,0,"R11921"
1114275,0,0,0,0,0,0,"R11921"
1114357,0,0,0,0,0,0,"R11796"
1115970,0,0,0,0,0,0,"R21721"
1117439,0,0,0,0,0,0,"R21721"
1117474,0,0,0,0,0,0,"R21721"
1117873,0,0,0,0,0,0,"R21721"
1128794,0,0,0,0,0,0,"R11498"
1128795,0,0,0,0,0,0,"R11498"
1139210,0,0,0,0,0,0,"R11498"
1148710,0,0,0,0,0,0,"R11498"
1152593,0,0,0,0,0,0,"R11796"
1152750,0,0,0,0,0,0,"R11796"
1152752,0,0,0,0,0,0,"R11796"
1152755,0,0,0,0,0,0,"R11796"
1152756,0,0,0,0,0,0,"R11796"
1152757,0,0,0,0,0,0,"R11796"
1153090,0,0,0,0,0,0,"R11498"
1154993,0,0,0,0,0,0,"R11498"
1155190,0,0,0,0,0,0,"R11796"
1155192,0,0,0,0,0,0,"R11796"
1155193,0,0,0,0,0,0,"R11796"
1155194,0,0,0,0,0,0,"R11796"
1155198,0,0,0,0,0,0,"R11796"
1155201,0,0,0,0,0,0,"R11796"
1155202,0,0,0,0,0,0,"R11796"
1155203,0,0,0,0,0,0,"R11796"
1155204,0,0,0,0,0,0,"R11796"
1155205,0,0,0,0,0,0,"R11796"
1155206,0,0,0,0,0,0,"R11796"
1155207,0,0,0,0,0,0,"R11796"
1155208,0,0,0,0,0,0,"R11796"
1155209,0,0,0,0,0,0,"R11796"
1155210,0,0,0,0,0,0,"R11796"
1155211,0,0,0,0,0,0,"R11796"
1155212,0,0,0,0,0,0,"R11796"
1155510,0,0,0,0,0,0,"R11498"
1156250,0,0,0,0,0,0,"R11796"
1156251,0,0,0,0,0,0,"R11796"
1156252,0,0,0,0,0,0,"R11796"
1156254,0,0,0,0,0,0,"R11796"
1156255,0,0,0,0,0,0,"R11796"
1156257,0,0,0,0,0,0,"R11796"
1156258,0,0,0,0,0,0,"R11796"
1156259,0,0,0,0,0,0,"R11796"
1156260,0,0,0,0,0,0,"R11796"
1156261,0,0,0,0,0,0,"R11796"
1156262,0,0,0,0,0,0,"R11796"
1156263,0,0,0,0,0,0,"R11796"
1156264,0,0,0,0,0,0,"R11796"
1156265,0,0,0,0,0,0,"R11796"
1156266,0,0,0,0,0,0,"R11796"
1156267,0,0,0,0,0,0,"R11796"
1156268,0,0,0,0,0,0,"R11796"
1156269,0,0,0,0,0,0,"R11796"
1156270,0,0,0,0,0,0,"R11796"
1156272,0,0,0,0,0,0,"R11796"
1157290,0,0,0,0,0,0,"R11796"
1158891,0,0,0,0,0,0,"R11498"
1159160,0,0,0,0,0,0,"R11796"
1160033,0,0,0,0,0,0,"R21721"
1160290,0,0,0,0,0,0,"R21721"
1160590,0,0,0,0,0,0,"R21721"
1160830,0,0,0,0,0,0,"R11498"
1160915,0,0,0,0,0,0,"R21721"
1161191,0,0,0,0,0,0,"R11498"
1161231,0,0,0,0,0,0,"R11498"
1162070,0,0,0,0,0,0,"G41607"
1162072,0,0,0,0,0,0,"G41607"
1163233,0,0,0,0,0,0,"R11498"
1163274,0,0,0,0,0,0,"R11498"
1163275,0,0,0,0,0,0,"R11498"
1164433,0,0,0,0,0,0,"R11796"
1164435,0,0,0,0,0,0,"R11796"
1164770,0,0,0,0,0,0,"R11498"
1165354,0,0,0,0,0,0,"R11498"
1165391,0,0,0,0,0,0,"R11796"
1165392,0,0,0,0,0,0,"R11796"
1165435,0,0,0,0,0,0,"R11796"
1165436,0,0,0,0,0,0,"R11796"
1165451,0,0,0,0,0,0,"R11796"
1165890,0,0,0,0,0,0,"R11498"
1166186,0,0,0,0,0,0,"R11796"
1166632,0,0,0,0,0,0,"R11796"
1166934,0,0,0,0,0,0,"R11796"
1168170,0,0,0,0,0,0,"R11796"
1168171,0,0,0,0,0,0,"R11796"
1168175,0,0,0,0,0,0,"R11796"
1168178,0,0,0,0,0,0,"R11796"
1168193,0,0,0,0,0,0,"R11796"
1168196,0,0,0,0,0,0,"R11796"
1168671,0,0,0,0,0,0,"R11796"
1168691,0,0,0,0,0,0,"R11796"
1168790,0,0,0,0,0,0,"R11796"
1168791,0,0,0,0,0,0,"R11796"
1168811,0,0,0,0,0,0,"R11796"
1168812,0,0,0,0,0,0,"R11796"
1168813,0,0,0,0,0,0,"R11796"
1168950,0,0,0,0,0,0,"R11796"
1169423,0,0,0,0,0,0,"R11498"
1169424,0,0,0,0,0,0,"R11498"
1169425,0,0,0,0,0,0,"R11498"
1169426,0,0,0,0,0,0,"R11498"
1169427,0,0,0,0,0,0,"R11498"
1169428,0,0,0,0,0,0,"R11498"
1169429,0,0,0,0,0,0,"R11498"
1169694,0,0,0,0,0,0,"R11498"
1169698,0,0,0,0,0,0,"R11498"
1169699,0,0,0,0,0,0,"R11498"
1169992,0,0,0,0,0,0,"R11796"
1170032,0,0,0,0,0,0,"R11796"
1170050,0,0,0,0,0,0,"R11796"
1170250,0,0,0,0,0,0,"R11796"
1170251,0,0,0,0,0,0,"R11796"
1170352,0,0,0,0,0,0,"R11796"
1170354,0,0,0,0,0,0,"R11796"
1170510,0,0,0,0,0,0,"R11796"
1171810,0,0,0,0,0,0,"R11796"
1172094,0,0,0,0,0,0,"R11796"
1172232,0,0,0,0,0,0,"R11796"
1172518,0,0,0,0,0,0,"R11796"
1174591,0,0,0,0,0,0,"R11498"
1177312,0,0,0,0,0,0,"R11796"
1178034,0,0,0,0,0,0,"R11498"
1178035,0,0,0,0,0,0,"R11498"
1178036,0,0,0,0,0,0,"R11498"
1178037,0,0,0,0,0,0,"R11498"
1178038,0,0,0,0,0,0,"R11498"
1178039,0,0,0,0,0,0,"R11498"
1180250,0,0,0,0,0,0,"R21721"
1180752,0,0,0,0,0,0,"R21721"
1182722,0,0,0,0,0,0,"R21721"
1185215,0,0,0,0,0,0,"R21721"
1185217,0,0,0,0,0,0,"R21721"
1185219,0,0,0,0,0,0,"R21721"
1185223,0,0,0,0,0,0,"R21721"
1185270,0,0,0,0,0,0,"R21721"
1187671,0,0,0,0,0,0,"R21721"
1192960,0,0,0,0,0,0,"R11796"
1192961,0,0,0,0,0,0,"R11796"
1192962,0,0,0,0,0,0,"R11796"
1209731,0,0,0,0,0,0,"R11498"
1209753,0,0,0,0,0,0,"R11498"
1210470,0,0,0,0,0,0,"R11498"
1211250,0,0,0,0,0,0,"R11796"
1211291,0,0,0,0,0,0,"R11796"
1211390,0,0,0,0,0,0,"R11796"
1211391,0,0,0,0,0,0,"R11796"
1211451,0,0,0,0,0,0,"R11796"
1211550,0,0,0,0,0,0,"R11796"
1212390,0,0,0,0,0,0,"R11796"
1213831,0,0,0,0,0,0,"R21721"
1215733,0,0,0,0,0,0,"R21721"
1215735,0,0,0,0,0,0,"R21721"
1215736,0,0,0,0,0,0,"R21721"
1215737,0,0,0,0,0,0,"R21721"
1215738,0,0,0,0,0,0,"R21721"
1215739,0,0,0,0,0,0,"R21721"
1223099,0,0,0,0,0,0,"R21721"
1223830,0,0,0,0,0,0,"R21721"
1223850,0,0,0,0,0,0,"R21721"
1223894,0,0,0,0,0,0,"R21721"
1223910,0,0,0,0,0,0,"R21721"
1223917,0,0,0,0,0,0,"R21721"
1226870,0,0,0,0,0,0,"R11498"
1226975,0,0,0,0,0,0,"R11498"
1226976,0,0,0,0,0,0,"R11498"
1228030,0,0,0,0,0,0,"R11498"
1228102,0,0,0,0,0,0,"R11498"
1228103,0,0,0,0,0,0,"R11498"
1228230,0,0,0,0,0,0,"R11498"
1228231,0,0,0,0,0,0,"R11498"
1228250,0,0,0,0,0,0,"R11498"
1228470,0,0,0,0,0,0,"R11796"
1229030,0,0,0,0,0,0,"R11498"
1229031,0,0,0,0,0,0,"R11498"
1229930,0,0,0,0,0,0,"R21721"
1231675,0,0,0,0,0,0,"R21721"
1234192,0,0,0,0,0,0,"R11498"
1234193,0,0,0,0,0,0,"R11498"
1236490,0,0,0,0,0,0,"R21721"
1240791,0,0,0,0,0,0,"R21721"
1244315,0,0,0,0,0,0,"R11498"
1244325,0,0,0,0,0,0,"R11498"
1244371,0,0,0,0,0,0,"R11498"
1244390,0,0,0,0,0,0,"R11498"
1244391,0,0,0,0,0,0,"R11498"
1244392,0,0,0,0,0,0,"R11498"
1244393,0,0,0,0,0,0,"R11498"
1244395,0,0,0,0,0,0,"R11498"
1244398,0,0,0,0,0,0,"R11498"
1244399,0,0,0,0,0,0,"R11498"
1244410,0,0,0,0,0,0,"R11498"
1244411,0,0,0,0,0,0,"R11498"
1245753,0,0,0,0,0,0,"R21721"
1245755,0,0,0,0,0,0,"R21721"
1245756,0,0,0,0,0,0,"R21721"
1245759,0,0,0,0,0,0,"R21721"
1246798,0,0,0,0,0,0,"R11498"
1246799,0,0,0,0,0,0,"R11498"
1246800,0,0,0,0,0,0,"R11498"
1246801,0,0,0,0,0,0,"R11498"
1250072,0,0,0,0,0,0,"R11498"
1255190,0,0,0,0,0,0,"R21721"
1255270,0,0,0,0,0,0,"R21721"
1255273,0,0,0,0,0,0,"R21721"
1255274,0,0,0,0,0,0,"R21721"
1255291,0,0,0,0,0,0,"R21721"
1255293,0,0,0,0,0,0,"R21721"
1255295,0,0,0,0,0,0,"R21721"
1255297,0,0,0,0,0,0,"R21721"
1255299,0,0,0,0,0,0,"R21721"
1255311,0,0,0,0,0,0,"R21721"
1255312,0,0,0,0,0,0,"R21721"
1255315,0,0,0,0,0,0,"R21721"
1255319,0,0,0,0,0,0,"R21721"
1255321,0,0,0,0,0,0,"R21721"
1255323,0,0,0,0,0,0,"R21721"
1255326,0,0,0,0,0,0,"R21721"
1255328,0,0,0,0,0,0,"R21721"
1255340,0,0,0,0,0,0,"R21721"
1255341,0,0,0,0,0,0,"R21721"
1255342,0,0,0,0,0,0,"R21721"
1255343,0,0,0,0,0,0,"R21721"
1255344,0,0,0,0,0,0,"R21721"
1258693,0,0,0,0,0,0,"R11921"
1258694,0,0,0,0,0,0,"R11921"
1259450,0,0,0,0,0,0,"R21721"
1259750,0,0,0,0,0,0,"R21721"
1260430,0,0,0,0,0,0,"R21721"
1260790,0,0,0,0,0,0,"R21721"
1260791,0,0,0,0,0,0,"R21721"
1260792,0,0,0,0,0,0,"R21721"
1260794,0,0,0,0,0,0,"R21721"
1260795,0,0,0,0,0,0,"R21721"
1260796,0,0,0,0,0,0,"R21721"
1260797,0,0,0,0,0,0,"R21721"
1260798,0,0,0,0,0,0,"R21721"
1260799,0,0,0,0,0,0,"R21721"
1260800,0,0,0,0,0,0,"R21721"
1260801,0,0,0,0,0,0,"R21721"
1260802,0,0,0,0,0,0,"R21721"
1260803,0,0,0,0,0,0,"R21721"
1260804,0,0,0,0,0,0,"R21721"
1260806,0,0,0,0,0,0,"R21721"
1260808,0,0,0,0,0,0,"R21721"
1260809,0,0,0,0,0,0,"R21721"
1260810,0,0,0,0,0,0,"R21721"
1260812,0,0,0,0,0,0,"R21721"
1260813,0,0,0,0,0,0,"R21721"
1260816,0,0,0,0,0,0,"R21721"
1260817,0,0,0,0,0,0,"R21721"
1260818,0,0,0,0,0,0,"R21721"
1260819,0,0,0,0,0,0,"R21721"
1260820,0,0,0,0,0,0,"R21721"
1260822,0,0,0,0,0,0,"R21721"
1260823,0,0,0,0,0,0,"R21721"
1260824,0,0,0,0,0,0,"R21721"
1260825,0,0,0,0,0,0,"R21721"
1261153,0,0,0,0,0,0,"G41607"
1262457,0,0,0,0,0,0,"R21721"
1262458,0,0,0,0,0,0,"R21721"
1265750,0,0,0,0,0,0,"G41607"
1267130,0,0,0,0,0,0,"R21721"
1273850,0,0,0,0,0,0,"R11796"
1273851,0,0,0,0,0,0,"R11796"
1273852,0,0,0,0,0,0,"R11796"
1279770,0,0,0,0,0,0,"R21721"
1279771,0,0,0,0,0,0,"R21721"
1279772,0,0,0,0,0,0,"R21721"
1279773,0,0,0,0,0,0,"R21721"
1279774,0,0,0,0,0,0,"R21721"
1279775,0,0,0,0,0,0,"R21721"
1279776,0,0,0,0,0,0,"R21721"
1279790,0,0,0,0,0,0,"R21721"
1279791,0,0,0,0,0,0,"R21721"
1279792,0,0,0,0,0,0,"R21721"
1279793,0,0,0,0,0,0,"R21721"
1279794,0,0,0,0,0,0,"R21721"
1279795,0,0,0,0,0,0,"R21721"
1279796,0,0,0,0,0,0,"R21721"
1279797,0,0,0,0,0,0,"R21721"
1279798,0,0,0,0,0,0,"R21721"
1279799,0,0,0,0,0,0,"R21721"
1279800,0,0,0,0,0,0,"R21721"
1279801,0,0,0,0,0,0,"R21721"
1279802,0,0,0,0,0,0,"R21721"
1279803,0,0,0,0,0,0,"R21721"
1279804,0,0,0,0,0,0,"R21721"
1279805,0,0,0,0,0,0,"R21721"
1280210,0,0,0,0,0,0,"R11498"
1280211,0,0,0,0,0,0,"R11498"
1280212,0,0,0,0,0,0,"R11498"
1283210,0,0,0,0,0,0,"R21721"
1283211,0,0,0,0,0,0,"R21721"
1283212,0,0,0,0,0,0,"R21721"
1294350,0,0,0,0,0,0,"R21721"
1304250,0,0,0,0,0,0,"R11796"
1304278,0,0,0,0,0,0,"R11796"
1304286,0,0,0,0,0,0,"R11796"
1304291,0,0,0,0,0,0,"R11796"
1304310,0,0,0,0,0,0,"R11796"
1304370,0,0,0,0,0,0,"R11796"
1304693,0,0,0,0,0,0,"R11796"
1304810,0,0,0,0,0,0,"R21721"
1304811,0,0,0,0,0,0,"R21721"
1304850,0,0,0,0,0,0,"R21721"
1304870,0,0,0,0,0,0,"R21721"
1304871,0,0,0,0,0,0,"R21721"
1304872,0,0,0,0,0,0,"R21721"
1304873,0,0,0,0,0,0,"R21721"
1304874,0,0,0,0,0,0,"R21721"
1304875,0,0,0,0,0,0,"R21721"
1304876,0,0,0,0,0,0,"R21721"
1304877,0,0,0,0,0,0,"R21721"
1304878,0,0,0,0,0,0,"R21721"
1304879,0,0,0,0,0,0,"R21721"
1304880,0,0,0,0,0,0,"R21721"
1304881,0,0,0,0,0,0,"R21721"
1304882,0,0,0,0,0,0,"R21721"
1305915,0,0,0,0,0,0,"R21721"
1305930,0,0,0,0,0,0,"R21721"
1309170,0,0,0,0,0,0,"R21721"
1310930,0,0,0,0,0,0,"R21721"
1310931,0,0,0,0,0,0,"R21721"
1310932,0,0,0,0,0,0,"R21721"
1310933,0,0,0,0,0,0,"R21721"
1313810,0,0,0,0,0,0,"R11498"
1313811,0,0,0,0,0,0,"R11498"
1313830,0,0,0,0,0,0,"R11498"
1314690,0,0,0,0,0,0,"R11498"
1315308,0,0,0,0,0,0,"R11498"
1315570,0,0,0,0,0,0,"R11796"
1315690,0,0,0,0,0,0,"R11498"
1315691,0,0,0,0,0,0,"R11498"
1315692,0,0,0,0,0,0,"R11498"
1316730,0,0,0,0,0,0,"R21721"
1316822,0,0,0,0,0,0,"R21721"
1317913,0,0,0,0,0,0,"R11498"
1319118,0,0,0,0,0,0,"R11796"
1319231,0,0,0,0,0,0,"R11796"
1319717,0,0,0,0,0,0,"R11498"
1319718,0,0,0,0,0,0,"R11498"
1319733,0,0,0,0,0,0,"R11498"
1319812,0,0,0,0,0,0,"R11796"
1320270,0,0,0,0,0,0,"R11796"
1321451,0,0,0,0,0,0,"G41607"
1321931,0,0,0,0,0,0,"G41607"
1322931,0,0,0,0,0,0,"R11796"
1326451,0,0,0,0,0,0,"R11796"
1328570,0,0,0,0,0,0,"R21721"
1329230,0,0,0,0,0,0,"R21721"
1329570,0,0,0,0,0,0,"R11796"
1329571,0,0,0,0,0,0,"R11796"
1329572,0,0,0,0,0,0,"R11796"
1348510,0,0,0,0,0,0,"G41607"
1348691,0,0,0,0,0,0,"G41607"
1349712,0,0,0,0,0,0,"R11498"
1350956,0,0,0,0,0,0,"R11498"
1355011,0,0,0,0,0,0,"R11498"
1358691,0,0,0,0,0,0,"R11498"
1363990,0,0,0,0,0,0,"G41607"
1365970,0,0,0,0,0,0,"R11498"
1366010,0,0,0,0,0,0,"R11498"
1370330,0,0,0,0,0,0,"R11498"
1370371,0,0,0,0,0,0,"R11498"
1371690,0,0,0,0,0,0,"R11498"
1371732,0,0,0,0,0,0,"R11498"
1371771,0,0,0,0,0,0,"R11498"
1371790,0,0,0,0,0,0,"R11498"
1372651,0,0,0,0,0,0,"R11498"
1381615,0,0,0,0,0,0,"R11498"
1384692,0,0,0,0,0,0,"R11498"
1384959,0,0,0,0,0,0,"R11498"
1384960,0,0,0,0,0,0,"R11498"
1384961,0,0,0,0,0,0,"R11498"
1384962,0,0,0,0,0,0,"R11498"
1384963,0,0,0,0,0,0,"R11498"
1384990,0,0,0,0,0,0,"R11498"
1385750,0,0,0,0,0,0,"R11498"
1386840,0,0,0,0,0,0,"R11498"
1386901,0,0,0,0,0,0,"R11921"
1387410,0,0,0,0,0,0,"R11498"
1391590,0,0,0,0,0,0,"R11498"
1395210,0,0,0,0,0,0,"R11498"
1412550,0,0,0,0,0,0,"R21721"
1412595,0,0,0,0,0,0,"R11796"
1412913,0,0,0,0,0,0,"R21721"
1413930,0,0,0,0,0,0,"R21721"
1413931,0,0,0,0,0,0,"R21721"
1413932,0,0,0,0,0,0,"R21721"
1413933,0,0,0,0,0,0,"R21721"
1413934,0,0,0,0,0,0,"R21721"
1413935,0,0,0,0,0,0,"R21721"
1413936,0,0,0,0,0,0,"R21721"
1413937,0,0,0,0,0,0,"R21721"
1413938,0,0,0,0,0,0,"R21721"
1413939,0,0,0,0,0,0,"R21721"
1413940,0,0,0,0,0,0,"R21721"
1413942,0,0,0,0,0,0,"R21721"
1413943,0,0,0,0,0,0,"R21721"
1413990,0,0,0,0,0,0,"R21721"
1413991,0,0,0,0,0,0,"R21721"
1413992,0,0,0,0,0,0,"R21721"
1413993,0,0,0,0,0,0,"R21721"
1413994,0,0,0,0,0,0,"R21721"
1413995,0,0,0,0,0,0,"R21721"
1413996,0,0,0,0,0,0,"R21721"
1413997,0,0,0,0,0,0,"R21721"
1413998,0,0,0,0,0,0,"R21721"
1413999,0,0,0,0,0,0,"R21721"
1414000,0,0,0,0,0,0,"R21721"
1414910,0,0,0,0,0,0,"R21721"
1415450,0,0,0,0,0,0,"R21721"
1415691,0,0,0,0,0,0,"R21721"
1415870,0,0,0,0,0,0,"R21721"
1416014,0,0,0,0,0,0,"R21721"
1416750,0,0,0,0,0,0,"R21721"
1417270,0,0,0,0,0,0,"R21721"
1417510,0,0,0,0,0,0,"R21721"
1417511,0,0,0,0,0,0,"R21721"
1417512,0,0,0,0,0,0,"R21721"
1417514,0,0,0,0,0,0,"R21721"
1417610,0,0,0,0,0,0,"R21721"
1418631,0,0,0,0,0,0,"R21721"
1421490,0,0,0,0,0,0,"R21721"
1421491,0,0,0,0,0,0,"R21721"
1421492,0,0,0,0,0,0,"R21721"
1421493,0,0,0,0,0,0,"R21721"
1423530,0,0,0,0,0,0,"R11796"
1426191,0,0,0,0,0,0,"R11796"
1426270,0,0,0,0,0,0,"R11796"
1426370,0,0,0,0,0,0,"R11796"
1426371,0,0,0,0,0,0,"R11796"
1426790,0,0,0,0,0,0,"R21721"
1426890,0,0,0,0,0,0,"R21721"
1430010,0,0,0,0,0,0,"R11796"
1430011,0,0,0,0,0,0,"R11796"
1430012,0,0,0,0,0,0,"R11796"
1430013,0,0,0,0,0,0,"R11796"
1439571,0,0,0,0,0,0,"R11498"
1439591,0,0,0,0,0,0,"R11498"
1447110,0,0,0,0,0,0,"R11796"
1447268,0,0,0,0,0,0,"R11796"
1447269,0,0,0,0,0,0,"R11796"
1447270,0,0,0,0,0,0,"R11796"
1447271,0,0,0,0,0,0,"R11796"
1447272,0,0,0,0,0,0,"R11796"
1447273,0,0,0,0,0,0,"R11796"
1447275,0,0,0,0,0,0,"R11796"
1447276,0,0,0,0,0,0,"R11796"
1453832,0,0,0,0,0,0,"R21721"
1456630,0,0,0,0,0,0,"R21721"
1456634,0,0,0,0,0,0,"R21721"
1456650,0,0,0,0,0,0,"R21721"
1456651,0,0,0,0,0,0,"R21721"
1456652,0,0,0,0,0,0,"R21721"
1456672,0,0,0,0,0,0,"R21721"
1456673,0,0,0,0,0,0,"R21721"
1456675,0,0,0,0,0,0,"R21721"
1456676,0,0,0,0,0,0,"R21721"
1456677,0,0,0,0,0,0,"R21721"
1456678,0,0,0,0,0,0,"R21721"
1456679,0,0,0,0,0,0,"R21721"
1458854,0,0,0,0,0,0,"R11498"
1459150,0,0,0,0,0,0,"R11921"
1459151,0,0,0,0,0,0,"R11921"
1459153,0,0,0,0,0,0,"R11921"
1459239,0,0,0,0,0,0,"R11921"
1464431,0,0,0,0,0,0,"R21721"
1468492,0,0,0,0,0,0,"R21721"
1468497,0,0,0,0,0,0,"R21721"
1470851,0,0,0,0,0,0,"R11921"
1470950,0,0,0,0,0,0,"R11921"
1476091,0,0,0,0,0,0,"R21721"
1479451,0,0,0,0,0,0,"R21721"
1483551,0,0,0,0,0,0,"R11796"
1493510,0,0,0,0,0,0,"R11796"
1493511,0,0,0,0,0,0,"R11796"
1494450,0,0,0,0,0,0,"R21721"
1494530,0,0,0,0,0,0,"R21721"
1494590,0,0,0,0,0,0,"R21721"
1494611,0,0,0,0,0,0,"R21721"
1497690,0,0,0,0,0,0,"R11498"
1498791,0,0,0,0,0,0,"R11498"
1504590,0,0,0,0,0,0,"C10970"
1507852,0,0,0,0,0,0,"R11498"
1510291,0,0,0,0,0,0,"G41607"
1510292,0,0,0,0,0,0,"G41607"
1510293,0,0,0,0,0,0,"G41607"
1512370,0,0,0,0,0,0,"R11498"
1514910,0,0,0,0,0,0,"G41607"
1514912,0,0,0,0,0,0,"G41607"
1514914,0,0,0,0,0,0,"G41607"
1514915,0,0,0,0,0,0,"G41607"
1517851,0,0,0,0,0,0,"R11498"
1517853,0,0,0,0,0,0,"R11498"
1517855,0,0,0,0,0,0,"R11498"
1518691,0,0,0,0,0,0,"R11796"
1518711,0,0,0,0,0,0,"R11796"
1518712,0,0,0,0,0,0,"R11796"
1518754,0,0,0,0,0,0,"R11796"
1518764,0,0,0,0,0,0,"R11796"
1524631,0,0,0,0,0,0,"R21721"
1524657,0,0,0,0,0,0,"R21721"
1524663,0,0,0,0,0,0,"R21721"
1525291,0,0,0,0,0,0,"R21721"
1525292,0,0,0,0,0,0,"R21721"
1525293,0,0,0,0,0,0,"R21721"
1526790,0,0,0,0,0,0,"R21721"
1528751,0,0,0,0,0,0,"R11498"
1529590,0,0,0,0,0,0,"R11796"
1530211,0,0,0,0,0,0,"R21721"
1536850,0,0,0,0,0,0,"R11498"
1539430,0,0,0,0,0,0,"R21721"
1540692,0,0,0,0,0,0,"R11921"
1540696,0,0,0,0,0,0,"R11921"
1540832,0,0,0,0,0,0,"R11498"
1540990,0,0,0,0,0,0,"R11921"
1543170,0,0,0,0,0,0,"R11498"
1543391,0,0,0,0,0,0,"R11498"
1543392,0,0,0,0,0,0,"R11498"
1552951,0,0,0,0,0,0,"R11498"
1559755,0,0,0,0,0,0,"R11498"
1561115,0,0,0,0,0,0,"R11498"
1561135,0,0,0,0,0,0,"R11498"
1561375,0,0,0,0,0,0,"R11498"
1561376,0,0,0,0,0,0,"R11498"
1561395,0,0,0,0,0,0,"R11498"
1561396,0,0,0,0,0,0,"R11498"
1561415,0,0,0,0,0,0,"R11498"
1563177,0,0,0,0,0,0,"R21721"
1563178,0,0,0,0,0,0,"R21721"
1563179,0,0,0,0,0,0,"R21721"
1563275,0,0,0,0,0,0,"R21721"
1563295,0,0,0,0,0,0,"R21721"
1563315,0,0,0,0,0,0,"R21721"
1563316,0,0,0,0,0,0,"R21721"
1563335,0,0,0,0,0,0,"R21721"
1563355,0,0,0,0,0,0,"R21721"
1563375,0,0,0,0,0,0,"R21721"
1563395,0,0,0,0,0,0,"R21721"
1563415,0,0,0,0,0,0,"R21721"
1563835,0,0,0,0,0,0,"R11498"
1564816,0,0,0,0,0,0,"R11498"
1564855,0,0,0,0,0,0,"R11498"
1564856,0,0,0,0,0,0,"R11498"
1564857,0,0,0,0,0,0,"R11498"
1564858,0,0,0,0,0,0,"R11498"
1564859,0,0,0,0,0,0,"R11498"
1564861,0,0,0,0,0,0,"R11498"
1564875,0,0,0,0,0,0,"R11498"
1564897,0,0,0,0,0,0,"R11498"
1564898,0,0,0,0,0,0,"R11498"
1564936,0,0,0,0,0,0,"R11498"
1564937,0,0,0,0,0,0,"R11498"
1565197,0,0,0,0,0,0,"R11498"
1565335,0,0,0,0,0,0,"C10970"
1565818,0,0,0,0,0,0,"R11498"
1572155,0,0,0,0,0,0,"R11498"
1572156,0,0,0,0,0,0,"R11498"
1572157,0,0,0,0,0,0,"R11498"
1572158,0,0,0,0,0,0,"R11498"
1572159,0,0,0,0,0,0,"R11498"
1572160,0,0,0,0,0,0,"R11498"
1572161,0,0,0,0,0,0,"R11498"
1572175,0,0,0,0,0,0,"R11498"
1572176,0,0,0,0,0,0,"R11498"
1572177,0,0,0,0,0,0,"R11498"
1573175,0,0,0,0,0,0,"R11796"
1573215,0,0,0,0,0,0,"R11796"
1573295,0,0,0,0,0,0,"R11796"
1573315,0,0,0,0,0,0,"R11796"
1573316,0,0,0,0,0,0,"R11796"
1573655,0,0,0,0,0,0,"R11796"
1573675,0,0,0,0,0,0,"R11796"
1573777,0,0,0,0,0,0,"R11796"
1573855,0,0,0,0,0,0,"R11796"
1573875,0,0,0,0,0,0,"R11796"
1573977,0,0,0,0,0,0,"R11796"
1574036,0,0,0,0,0,0,"R11796"
1574115,0,0,0,0,0,0,"R11796"
1574156,0,0,0,0,0,0,"R11796"
1574175,0,0,0,0,0,0,"R11796"
1574296,0,0,0,0,0,0,"R21721"
1575275,0,0,0,0,0,0,"R11498"
1576015,0,0,0,0,0,0,"R21721"
1576035,0,0,0,0,0,0,"R21721"
1576235,0,0,0,0,0,0,"R21721"
1576260,0,0,0,0,0,0,"R21721"
1579035,0,0,0,0,0,0,"R11921"
1579099,0,0,0,0,0,0,"R11921"
1579495,0,0,0,0,0,0,"R11796"
1579515,0,0,0,0,0,0,"R11796"
1590136,0,0,0,0,0,0,"R11498"
1591595,0,0,0,0,0,0,"R11498"
1591737,0,0,0,0,0,0,"R11796"
1591755,0,0,0,0,0,0,"R11796"
1596462,0,0,0,0,0,0,"C10970"
1604675,0,0,0,0,0,0,"R11498"
1605357,0,0,0,0,0,0,"R11498"
1605580,0,0,0,0,0,0,"R11498"
1607337,0,0,0,0,0,0,"R21721"
1607471,0,0,0,0,0,0,"R11498"
1607472,0,0,0,0,0,0,"R11498"
1607474,0,0,0,0,0,0,"R11498"
1607476,0,0,0,0,0,0,"R11498"
1609655,0,0,0,0,0,0,"R11498"
1609656,0,0,0,0,0,0,"R11498"
1609660,0,0,0,0,0,0,"R11498"
1610235,0,0,0,0,0,0,"G41607"
1610237,0,0,0,0,0,0,"G41607"
1610716,0,0,0,0,0,0,"G41607"
1610855,0,0,0,0,0,0,"R11498"
1611797,0,0,0,0,0,0,"G41607"
1611867,0,0,0,0,0,0,"R11498"
1612331,0,0,0,0,0,0,"R11498"
1612435,0,0,0,0,0,0,"R11498"
1612963,0,0,0,0,0,0,"R11498"
1612975,0,0,0,0,0,0,"R11498"
1612997,0,0,0,0,0,0,"R11498"
1625776,0,0,0,0,0,0,"R21721"
1627196,0,0,0,0,0,0,"R11498"
1630498,0,0,0,0,0,0,"R11796"
1630499,0,0,0,0,0,0,"R11796"
1632317,0,0,0,0,0,0,"R11796"
1643399,0,0,0,0,0,0,"R11498"
1643405,0,0,0,0,0,0,"R11796"
1643406,0,0,0,0,0,0,"R11796"
1643407,0,0,0,0,0,0,"R11796"
1643536,0,0,0,0,0,0,"R11498"
1643603,0,0,0,0,0,0,"R11498"
1643604,0,0,0,0,0,0,"R11498"
1643605,0,0,0,0,0,0,"R11498"
1643606,0,0,0,0,0,0,"R11498"
1643610,0,0,0,0,0,0,"R11498"
1644023,0,0,0,0,0,0,"R11796"
1645634,0,0,0,0,0,0,"R11796"
1646063,0,0,0,0,0,0,"R11498"
1646117,0,0,0,0,0,0,"R11498"
1646118,0,0,0,0,0,0,"R11498"
1646130,0,0,0,0,0,0,"R11498"
1646133,0,0,0,0,0,0,"R11498"
1646143,0,0,0,0,0,0,"R11498"
1646144,0,0,0,0,0,0,"R11498"
1646146,0,0,0,0,0,0,"R11498"
1646147,0,0,0,0,0,0,"R11498"
1646151,0,0,0,0,0,0,"R11498"
1646154,0,0,0,0,0,0,"R11498"
1646155,0,0,0,0,0,0,"R11498"
1646390,0,0,0,0,0,0,"C10970"
1646404,0,0,0,0,0,0,"C10970"
1646405,0,0,0,0,0,0,"C10970"
1646406,0,0,0,0,0,0,"C10970"
1646407,0,0,0,0,0,0,"C10970"
1646429,0,0,0,0,0,0,"C10970"
1646430,0,0,0,0,0,0,"C10970"
1646431,0,0,0,0,0,0,"C10970"
1646432,0,0,0,0,0,0,"C10970"
1647551,0,0,0,0,0,0,"R11796"
1647552,0,0,0,0,0,0,"R11796"
1647677,0,0,0,0,0,0,"R21721"
1647960,0,0,0,0,0,0,"R21721"
1648042,0,0,0,0,0,0,"R11796"
1648048,0,0,0,0,0,0,"R11796"
1648176,0,0,0,0,0,0,"R11498"
1648261,0,0,0,0,0,0,"R11498"
1648399,0,0,0,0,0,0,"R21721"
1648400,0,0,0,0,0,0,"R21721"
1648401,0,0,0,0,0,0,"R21721"
1648402,0,0,0,0,0,0,"R21721"
1648403,0,0,0,0,0,0,"R21721"
1648549,0,0,0,0,0,0,"R11796"
1648558,0,0,0,0,0,0,"R21721"
1648559,0,0,0,0,0,0,"R21721"
1648560,0,0,0,0,0,0,"R21721"
1648564,0,0,0,0,0,0,"R21721"
1648894,0,0,0,0,0,0,"R11498"
1649078,0,0,0,0,0,0,"R21721"
1649079,0,0,0,0,0,0,"R21721"
1649080,0,0,0,0,0,0,"R21721"
1649298,0,0,0,0,0,0,"R11498"
1649300,0,0,0,0,0,0,"R11498"
1649911,0,0,0,0,0,0,"R21721"
1649983,0,0,0,0,0,0,"R21721"
1650141,0,0,0,0,0,0,"R21721"
1650142,0,0,0,0,0,0,"R21721"
1651223,0,0,0,0,0,0,"R21721"
1651288,0,0,0,0,0,0,"R11498"
1651296,0,0,0,0,0,0,"R11498"
1651362,0,0,0,0,0,0,"R21721"
1651401,0,0,0,0,0,0,"R21721"
1651403,0,0,0,0,0,0,"R21721"
1651410,0,0,0,0,0,0,"R21721"
1651415,0,0,0,0,0,0,"R21721"
1651420,0,0,0,0,0,0,"R21721"
1651422,0,0,0,0,0,0,"R21721"
1651427,0,0,0,0,0,0,"R21721"
1651429,0,0,0,0,0,0,"R21721"
1651430,0,0,0,0,0,0,"R21721"
1651443,0,0,0,0,0,0,"R11796"
1651749,0,0,0,0,0,0,"R21721"
1653516,0,0,0,0,0,0,"R11921"
1654077,0,0,0,0,0,0,"R11498"
1654089,0,0,0,0,0,0,"R11498"
1656059,0,0,0,0,0,0,"R11796"
1656064,0,0,0,0,0,0,"R11498"
1656066,0,0,0,0,0,0,"R21721"
1656089,0,0,0,0,0,0,"R21721"
1656226,0,0,0,0,0,0,"R21721"
1656227,0,0,0,0,0,0,"R21721"
1656228,0,0,0,0,0,0,"R21721"
1657040,0,0,0,0,0,0,"R21721"
1657449,0,0,0,0,0,0,"R11498"
1657476,0,0,0,0,0,0,"R11796"
1657478,0,0,0,0,0,0,"R11796"
1657501,0,0,0,0,0,0,"R21721"
1657561,0,0,0,0,0,0,"R21721"
1657599,0,0,0,0,0,0,"R21721"
1657600,0,0,0,0,0,0,"R21721"
1657601,0,0,0,0,0,0,"R21721"
1657602,0,0,0,0,0,0,"R21721"
1658741,0,0,0,0,0,0,"R21721"
1661594,0,0,0,0,0,0,"R11498"
1661595,0,0,0,0,0,0,"R11498"
1661596,0,0,0,0,0,0,"R11498"
1661597,0,0,0,0,0,0,"R11498"
1661598,0,0,0,0,0,0,"R11498"
1661627,0,0,0,0,0,0,"R11498"
1661708,0,0,0,0,0,0,"R11796"
1661793,0,0,0,0,0,0,"R11498"
1661831,0,0,0,0,0,0,"R11498"
1661968,0,0,0,0,0,0,"R11796"
1661969,0,0,0,0,0,0,"R11796"
1661984,0,0,0,0,0,0,"R11498"
1661990,0,0,0,0,0,0,"R11498"
1662052,0,0,0,0,0,0,"R11498"
1662358,0,0,0,0,0,0,"R11498"
1662401,0,0,0,0,0,0,"R11921"
1662460,0,0,0,0,0,0,"R11498"
1662461,0,0,0,0,0,0,"R11498"
1662499,0,0,0,0,0,0,"R11498"
1662581,0,0,0,0,0,0,"R11498"
1662639,0,0,0,0,0,0,"R21721"
1662644,0,0,0,0,0,0,"R21721"
1662645,0,0,0,0,0,0,"R21721"
1663144,0,0,0,0,0,0,"R21721"
1663145,0,0,0,0,0,0,"R21721"
1663368,0,0,0,0,0,0,"R21721"
1663371,0,0,0,0,0,0,"R21721"
1663864,0,0,0,0,0,0,"R21721"
1664440,0,0,0,0,0,0,"R11498"
1664441,0,0,0,0,0,0,"R11498"
1664446,0,0,0,0,0,0,"R21721"
1664905,0,0,0,0,0,0,"R11921"
1664934,0,0,0,0,0,0,"C10970"
1665379,0,0,0,0,0,0,"R21721"
1665380,0,0,0,0,0,0,"R21721"
1665381,0,0,0,0,0,0,"R21721"
1666401,0,0,0,0,0,0,"R21721"
1666478,0,0,0,0,0,0,"R21721"
1666520,0,0,0,0,0,0,"G41607"
1666541,0,0,0,0,0,0,"G41607"
1666549,0,0,0,0,0,0,"C10970"
1666618,0,0,0,0,0,0,"C10970"
1666619,0,0,0,0,0,0,"C10970"
1666633,0,0,0,0,0,0,"R21721"
1666634,0,0,0,0,0,0,"R21721"
1666635,0,0,0,0,0,0,"R21721"
1666683,0,0,0,0,0,0,"R21721"
1666907,0,0,0,0,0,0,"G41607"
1666916,0,0,0,0,0,0,"G41607"
1666939,0,0,0,0,0,0,"C10970"
1666942,0,0,0,0,0,0,"C10970"
1666945,0,0,0,0,0,0,"C10970"
1666947,0,0,0,0,0,0,"C10970"
1667045,0,0,0,0,0,0,"R21721"
1667183,0,0,0,0,0,0,"R11498"
1667529,0,0,0,0,0,0,"G41607"
1667639,0,0,0,0,0,0,"R11498"
1667642,0,0,0,0,0,0,"R11498"
1667644,0,0,0,0,0,0,"R11498"
1668480,0,0,0,0,0,0,"G41607"
1669536,0,0,0,0,0,0,"R21721"
1669539,0,0,0,0,0,0,"R21721"
1669820,0,0,0,0,0,0,"R21721"
1670012,0,0,0,0,0,0,"R11921"
1670024,0,0,0,0,0,0,"R21721"
1670026,0,0,0,0,0,0,"R11921"
1670231,0,0,0,0,0,0,"R11498"
1670232,0,0,0,0,0,0,"R11498"
1670242,0,0,0,0,0,0,"R11498"
1670293,0,0,0,0,0,0,"C10970"
1670889,0,0,0,0,0,0,"G41607"
1671367,0,0,0,0,0,0,"R11498"
1672531,0,0,0,0,0,0,"R11498"
1672565,0,0,0,0,0,0,"R11921"
1672566,0,0,0,0,0,0,"R11921"
1672567,0,0,0,0,0,0,"R11921"
1672569,0,0,0,0,0,0,"R11921"
1672570,0,0,0,0,0,0,"R11921"
1672572,0,0,0,0,0,0,"R11921"
1672573,0,0,0,0,0,0,"R11921"
1673224,0,0,0,0,0,0,"R11498"
1673290,0,0,0,0,0,0,"R11498"
1675133,0,0,0,0,0,0,"R11498"
1675214,0,0,0,0,0,0,"R11498"
1678244,0,0,0,0,0,0,"R11498"
1678544,0,0,0,0,0,0,"C10970"
1678549,0,0,0,0,0,0,"C10970"
1678558,0,0,0,0,0,0,"C10970"
1678559,0,0,0,0,0,0,"C10970"
1678700,0,0,0,0,0,0,"R21721"
1678706,0,0,0,0,0,0,"C10970"
1679347,0,0,0,0,0,0,"R11796"
1679349,0,0,0,0,0,0,"R11796"
1679351,0,0,0,0,0,0,"R11796"
1679352,0,0,0,0,0,0,"R11796"
1679355,0,0,0,0,0,0,"R11796"
1679356,0,0,0,0,0,0,"R11796"
1681234,0,0,0,0,0,0,"R11498"
1681319,0,0,0,0,0,0,"R11498"
1681320,0,0,0,0,0,0,"R11498"
1681327,0,0,0,0,0,0,"R11498"
1681328,0,0,0,0,0,0,"R11498"
1681399,0,0,0,0,0,0,"R11498"
1681595,0,0,0,0,0,0,"R21721"
1681596,0,0,0,0,0,0,"R21721"
1681597,0,0,0,0,0,0,"R21721"
1682061,0,0,0,0,0,0,"R21721"
1682174,0,0,0,0,0,0,"R21721"
1682195,0,0,0,0,0,0,"R21721"
1682199,0,0,0,0,0,0,"R21721"
1682212,0,0,0,0,0,0,"R11498"
1682217,0,0,0,0,0,0,"R21721"
1682218,0,0,0,0,0,0,"R21721"
1682222,0,0,0,0,0,0,"R21721"
1682264,0,0,0,0,0,0,"R11498"
1682417,0,0,0,0,0,0,"R11498"
1682423,0,0,0,0,0,0,"R11796"
1682424,0,0,0,0,0,0,"R11796"
1682425,0,0,0,0,0,0,"R11796"
1682426,0,0,0,0,0,0,"R11796"
1682432,0,0,0,0,0,0,"R11498"
1682505,0,0,0,0,0,0,"R11498"
1682547,0,0,0,0,0,0,"R11498"
1682726,0,0,0,0,0,0,"R21721"
1683076,0,0,0,0,0,0,"R21721"
1683077,0,0,0,0,0,0,"R21721"
1683080,0,0,0,0,0,0,"R21721"
1683081,0,0,0,0,0,0,"R21721"
1683082,0,0,0,0,0,0,"R21721"
1683083,0,0,0,0,0,0,"R21721"
1683220,0,0,0,0,0,0,"R21721"
1683398,0,0,0,0,0,0,"R11796"
1683604,0,0,0,0,0,0,"R11498"
1683752,0,0,0,0,0,0,"C10970"
1683754,0,0,0,0,0,0,"R11498"
1683775,0,0,0,0,0,0,"R11498"
1684063,0,0,0,0,0,0,"G41607"
1684064,0,0,0,0,0,0,"C10970"
1684065,0,0,0,0,0,0,"C10970"
1684086,0,0,0,0,0,0,"R21721"
1684087,0,0,0,0,0,0,"R21721"
1684135,0,0,0,0,0,0,"C10970"
1684136,0,0,0,0,0,0,"C10970"
1684137,0,0,0,0,0,0,"C10970"
1684173,0,0,0,0,0,0,"R21721"
1684463,0,0,0,0,0,0,"R11498"
1684464,0,0,0,0,0,0,"R11498"
1684466,0,0,0,0,0,0,"R11498"
1684467,0,0,0,0,0,0,"R11498"
1686383,0,0,0,0,0,0,"R11498"
1686386,0,0,0,0,0,0,"R11498"
1686387,0,0,0,0,0,0,"R11498"
1686688,0,0,0,0,0,0,"R11921"
1686721,0,0,0,0,0,0,"R11498"
1686731,0,0,0,0,0,0,"R11921"
1686739,0,0,0,0,0,0,"R11921"
1686791,0,0,0,0,0,0,"R11796"
1686985,0,0,0,0,0,0,"R11498"
1686986,0,0,0,0,0,0,"R11796"
1686987,0,0,0,0,0,0,"R11796"
1686988,0,0,0,0,0,0,"R11796"
1686991,0,0,0,0,0,0,"R11796"
1687235,0,0,0,0,0,0,"R11498"
1687277,0,0,0,0,0,0,"R11498"
1687320,0,0,0,0,0,0,"R11498"
1687394,0,0,0,0,0,0,"R11498"
1687395,0,0,0,0,0,0,"R11498"
1687447,0,0,0,0,0,0,"R11498"
1687543,0,0,0,0,0,0,"R11498"
1687921,0,0,0,0,0,0,"R11921"
1687922,0,0,0,0,0,0,"R11921"
1687933,0,0,0,0,0,0,"R11921"
1687934,0,0,0,0,0,0,"R11921"
1687935,0,0,0,0,0,0,"R11921"
1688689,0,0,0,0,0,0,"R11921"
1688964,0,0,0,0,0,0,"R11498"
1690932,0,0,0,0,0,0,"R21721"
1690933,0,0,0,0,0,0,"R21721"
1690934,0,0,0,0,0,0,"R21721"
1691255,0,0,0,0,0,0,"R11498"
1691397,0,0,0,0,0,0,"R11498"
1691410,0,0,0,0,0,0,"R11498"
1691421,0,0,0,0,0,0,"R11498"
1691603,0,0,0,0,0,0,"R11498"
1691696,0,0,0,0,0,0,"R11498"
1692171,0,0,0,0,0,0,"R11498"
1692172,0,0,0,0,0,0,"R11498"
1692460,0,0,0,0,0,0,"R11498"
1692471,0,0,0,0,0,0,"R11921"
1692477,0,0,0,0,0,0,"R11921"
1692507,0,0,0,0,0,0,"R11498"
1692579,0,0,0,0,0,0,"R11498"
1693106,0,0,0,0,0,0,"R21721"
1693107,0,0,0,0,0,0,"R21721"
1693108,0,0,0,0,0,0,"R21721"
1693109,0,0,0,0,0,0,"R21721"
1693145,0,0,0,0,0,0,"R21721"
1693244,0,0,0,0,0,0,"R11498"
1693468,0,0,0,0,0,0,"R21721"
1693470,0,0,0,0,0,0,"R21721"
1694008,0,0,0,0,0,0,"R21721"
1694742,0,0,0,0,0,0,"R11498"
1694817,0,0,0,0,0,0,"R21721"
1694838,0,0,0,0,0,0,"R21721"
1696432,0,0,0,0,0,0,"R11498"
1696433,0,0,0,0,0,0,"R11498"
1696447,0,0,0,0,0,0,"R11498"
1696448,0,0,0,0,0,0,"R11498"
1696449,0,0,0,0,0,0,"R11498"
1696450,0,0,0,0,0,0,"R11498"
1696451,0,0,0,0,0,0,"R11498"
1696496,0,0,0,0,0,0,"R11498"
1696686,0,0,0,0,0,0,"R11498"
1696688,0,0,0,0,0,0,"R11498"
1696689,0,0,0,0,0,0,"R11498"
1696847,0,0,0,0,0,0,"R11498"
1697448,0,0,0,0,0,0,"R11796"
1697455,0,0,0,0,0,0,"R11796"
1697849,0,0,0,0,0,0,"R21721"
1698322,0,0,0,0,0,0,"R21721"
1698407,0,0,0,0,0,0,"R21721"
1698666,0,0,0,0,0,0,"R11796"
1699518,0,0,0,0,0,0,"R21721"
1699738,0,0,0,0,0,0,"R11796"
1699740,0,0,0,0,0,0,"R11796"
1699743,0,0,0,0,0,0,"R11796"
1699758,0,0,0,0,0,0,"R11921"
1699759,0,0,0,0,0,0,"R11796"
1699764,0,0,0,0,0,0,"R11796"
1699767,0,0,0,0,0,0,"R11796"
1699777,0,0,0,0,0,0,"R11498"
1699791,0,0,0,0,0,0,"R11498"
1700009,0,0,0,0,0,0,"R21721"
1700176,0,0,0,0,0,0,"R11796"
1700216,0,0,0,0,0,0,"R21721"
1700398,0,0,0,0,0,0,"R21721"
1700422,0,0,0,0,0,0,"R11796"
1701839,0,0,0,0,0,0,"R11796"
1702159,0,0,0,0,0,0,"R11498"
1702221,0,0,0,0,0,0,"R11498"
1702322,0,0,0,0,0,0,"R11498"
1703088,0,0,0,0,0,0,"R11796"
1703095,0,0,0,0,0,0,"R11921"
1703118,0,0,0,0,0,0,"R11921"
1704061,0,0,0,0,0,0,"R21721"
1704480,0,0,0,0,0,0,"R11921"
1704806,0,0,0,0,0,0,"R21721"
1707238,0,0,0,0,0,0,"R11498"
1710139,0,0,0,0,0,0,"R21721"
1710160,0,0,0,0,0,0,"R21721"
1710170,0,0,0,0,0,0,"R21721"
1710242,0,0,0,0,0,0,"R11796"
1710775,0,0,0,0,0,0,"R11498"
1710778,0,0,0,0,0,0,"R11498"
1711123,0,0,0,0,0,0,"R21721"
1715337,0,0,0,0,0,0,"R11796"
1715356,0,0,0,0,0,0,"R11796"
1715359,0,0,0,0,0,0,"R11796"
1715361,0,0,0,0,0,0,"R11796"
1715362,0,0,0,0,0,0,"R11796"
1715363,0,0,0,0,0,0,"R11796"
1720722,0,0,0,0,0,0,"R11921"
1727198,0,0,0,0,0,0,"R11498"
1729996,0,0,0,0,0,0,"R11498"
