Plot_ID,Burn_status,Fire_ID,Fire_Name,Field_Date,Aspect,Slope_%,UTM_Zone,UTM_E,UTM_N,LFH_cov,Moss_cov,Soil_Rock_cov,Fuelbed_cov,CBI_A,herb_cov,shrub_cov,tree_cov,CBI_B,CBI_C,CBI_D,CBI_US,CBI_Over,CBI_tot,DOB_average,CWD_Pattern,broadcast_burned,disc_trenched,mounded,brushed,spaced,Lv_Pli_BA,Dd_Pli_BA,Lv_Sx_BA,Dd_Sx_BA,Lv_Bl_BA,Dd_Bl_BA,Lv_At_BA,Dd_At_BA,Lv_Ac_BA,Dd_Ac_BA,Lv_W_BA,Dd_W_BA,Lv_oth_BA,Dd_oth_BA,Prism_BA,CanopyBaseHt,PCQ_density
PC01,burned,C10784,Plateau,2021-08-17,317,1,10,485364,5806361,30,40,1,5,2.4,40,40,35,2.75,2.75,1.416666667,2.633333333,1.416666667,2.188888889,7.2,few,0,0,0,0,0,2,2,0,8,0,1,9,0,0,0,0,0,0,0,44,2.37,1405
PC02,unburned,C10784,Plateau,2021-08-17,200,6,10,483126,5809493,20,50,0,8,0,45,20,55,0,0,0,0,0,0,0,few,0,0,0,0,0,2,0,24,2,10,2,0,0,0,0,0,0,0,0,80,3.47,2345
PC03,burned,C10784,Plateau,2021-08-17,122,8,10,481965,5810861,40,40,0,10,2.125,30,30,25,2.5,1.625,1.416666667,2.083333333,1.416666667,1.722222222,6.2,clusters,0,0,0,0,0,14,13,0,0,0,0,0,0,0,0,0,0,0,0,54,6.11,
PC04,burned,C10784,Plateau,2021-08-17,195,4,10,480220,5813113,30,40,1,10,3.375,25,25,40,2.625,2.625,2.5,2.875,2.5,2.833333333,8.8,clusters,0,0,0,,,0,19,0,0,0,0,0,0,0,0,0,0,0,0,38,4.88,2268
PC05,unburned,C10784,Plateau,2021-08-17,334,16,10,483313,5809154,70,15,3,1,0,20,60,85,0,0,0,0,0,0,0,sparse,0,0,0,0,0,38,0,0,0,0,0,0,0,0,0,0,0,0,0,76,1.67,6746
PC06,burned,C10784,Plateau,2021-08-17,150,13,10,485354,5805068,45,25,1,10,2.375,25,30,40,2.625,2.375,2.166666667,2.458333333,2.166666667,2.305555556,8.1,clusters,0,0,0,0,0,3,18,0,0,0,0,0,0,0,0,0,0,0,0,42,3.09,5261
PC07,unburned,C10784,Plateau,2021-08-17,340,10,10,485521,5802354,30,35,1,7,0,50,30,55,0,0,0,0,0,0,0,few,0,0,0,0,0,5,0,12,0,0,0,0,0,0,0,0,0,0,0,34,1.1,5427
PC08,burned,C10784,Plateau,2021-08-17,230,14,10,488187,5796081,40,35,0,5,1.75,25,60,50,2.25,1.75,1,1.916666667,1,1.5,8.8,sparse,0,0,0,0,0,29,6,0,0,0,0,2,0,0,0,0,0,0,0,74,1.63,17873
PC09,unburned,C10784,Plateau,2021-08-17,225,6,10,488334,5793941,35,30,3,2,0,45,40,0,0,0,0,0,0,0,0,sparse,0,0,0,1,0,27,0,0,0,0,0,0,0,0,0,0,0,0,0,54,2.18,5592
PC10,unburned,C10784,Plateau,2021-08-17,275,16,10,483185,5796200,30,20,1,3,0,55,35,50,0,0,0,0,0,0,0,sparse,0,0,0,0,0,20,6,0,0,0,0,0,0,0,0,0,0,0,0,52,1.7,3607
PC11,burned,C10784,Plateau,2021-08-17,260,11,10,483202,5796275,30,20,1,3,1.5,55,35,50,2.625,3,1.333333333,2.375,1.333333333,1.944444444,5.9,sparse,0,0,0,0,0,11,18,0,0,0,0,0,0,0,0,0,0,0,0,58,2.86,
PC12,unburned,C10784,Plateau,2021-08-18,71,20,10,452600,5816235,70,15,3,1,0,40,25,40,0,0,0,0,0,0,0,sparse,1,0,0,0,0,23,0,0,0,0,0,0,0,0,0,0,0,0,0,46,1.8,1285
PC13,burned,C10784,Plateau,2021-08-18,122,21,10,452577,5816480,70,15,3,1,2.75,40,25,40,2.75,2.75,2.083333333,2.75,2.083333333,2.527777778,8.2,clusters,0,0,0,0,0,0,25,0,0,0,0,0,0,0,0,0,0,0,0,50,8.12,2328
PC14,unburned,C10784,Plateau,2021-08-18,355,5,10,456597,5817458,30,35,1,5,0,40,60,30,0,0,0,0,0,0,0,sparse,0,0,0,0,0,27,0,2,0,0,0,0,0,0,0,0,0,0,0,58,5.78,8116
PC15,unburned,C10784,Plateau,2021-08-18,321,1,10,459675,5818253,40,20,2,5,0,25,50,30,0,0,0,0,0,0,0,sparse,1,1,0,0,0,31,0,0,0,0,0,0,0,0,0,0,0,0,0,62,1.78,3846
PC16,unburned,C10784,Plateau,2021-08-18,190,2,10,461321,5818512,45,35,2,3,0,25,40,30,0,0,0,0,0,0,0,few,0,0,0,0,0,27,2,0,0,0,0,0,0,0,0,0,0,0,0,58,2.09,15922
PC17,burned,C10784,Plateau,2021-08-18,N/A,0,10,462514,5819076,,,,,2.75,,,,2.75,2.25,1.583333333,2.583333333,1.583333333,2.194444444,8,clusters,0,0,0,0,0,4,8,0,0,0,0,0,0,0,0,0,0,0,0,24,3.98,2323
PC18,burned,C10784,Plateau,2021-08-18,291,3,10,455103,5817235,,,,,2.7,,,,2.875,2.875,2.25,2.816666667,2.25,2.608333333,12.7,few,0,0,0,0,0,0,44,0,0,0,0,0,0,0,0,0,0,0,0,88,7.33,11228
PC19,unburned,C10784,Plateau,2021-08-18,209,12,10,448397,5816784,50,25,2,3,0,35,25,55,0,0,0,0,0,0,0,few,,,,0,0,21,11,0,0,0,0,0,0,0,0,0,0,0,0,64,6.04,338
PC20,burned,C10784,Plateau,2021-08-18,210,15,10,448354,5816674,50,25,2,3,3,35,25,55,2.375,2.75,2.1,2.708333333,2.1,2.616666667,6.2,sparse,0,0,0,0,0,0,34,0,0,0,0,0,0,0,0,0,0,0,0,68,5.06,2606
PC21,burned,C10784,Plateau,2021-08-18,40,10,10,453123,5812304,40,25,1,10,2.25,40,30,35,2.75,2.625,1.25,2.541666667,1.25,2.041666667,0,few,0,0,0,0,0,4,16,0,0,0,0,0,0,0,0,0,0,0,0,40,3.73,1377
PC22,unburned,C10784,Plateau,2021-08-19,190,5,10,455920,5823646,60,15,2,2,0,30,10,55,0,0,0,0,0,0,0,few,0,0,0,0,0,35,0,0,0,0,0,0,0,0,0,0,0,0,0,70,4.46,5963
PC23,burned,C10784,Plateau,2021-08-19,320,2,10,456078,5823598,60,15,2,2,2.875,30,10,55,2.625,2.625,2.333333333,2.708333333,2.333333333,2.611111111,8.4,sparse,0,0,0,0,0,0,12,0,0,0,0,0,0,0,0,0,0,0,0,24,6.54,1201
PC24,unburned,C10784,Plateau,2021-08-19,280,4,10,454703,5822079,30,30,2,1,0,65,25,35,0,0,0,0,0,0,0,sparse,0,1,0,0,0,20,0,0,0,0,0,0,0,0,0,0,0,0,0,40,1.06,2071
PC25,burned,C10784,Plateau,2021-08-19,310,3,10,454695,5822032,30,30,2,1,2.625,65,25,35,2.75,2.625,2,2.666666667,2,2.416666667,9.3,sparse,0,1,0,0,0,0,17,0,0,0,0,0,0,0,0,0,0,0,0,34,1.2,3870
PC26,unburned,C10784,Plateau,2021-08-19,255,20,10,425316,5816397,35,13,3,1,0,60,35,45,0,0,0,0,0,0,0,sparse,1,0,0,1,0,26,0,0,0,0,0,0,0,0,0,0,0,0,0,52,2.07,3930
PC27,burned,C10784,Plateau,2021-08-19,262,25,10,425331,5816305,35,13,3,1,2.5,60,35,45,2.75,2.375,1.333333333,2.541666667,1.333333333,2.069444444,3.7,sparse,0,0,0,0,0,0,16,0,0,0,0,0,0,0,0,0,0,0,0,32,2.47,4853
PC28,unburned,C10784,Plateau,2021-08-19,250,19,10,425485,5815652,40,25,1,1,0,55,40,25,0,0,0,0,0,0,0,sparse,0,0,0,0,0,22,0,0,0,0,2,0,0,0,0,0,0,0,0,48,2.2,2575
PC29,unburned,C10784,Plateau,2021-08-19,242,17,10,426950,5813532,45,15,1,2,0,25,50,40,0,0,0,0,0,0,0,sparse,0,1,0,0,0,18,5,0,0,0,0,0,0,0,0,0,0,0,0,46,2.41,2231
PC30,unburned,C10784,Plateau,2021-08-19,N/A,0,10,428820,5813947,60,15,0,8,0,30,15,45,0,0,0,0,0,0,0,few,0,1,0,0,0,17,2,0,0,0,0,0,0,0,0,0,0,0,0,38,4.34,3324
PC31,unburned,C10784,Plateau,2021-08-19,231,4,10,428488,5815656,50,25,4,5,0,60,25,40,0,0,0,0,0,0,0,sparse,1,1,,,,10,0,0,0,0,0,0,0,0,0,0,0,0,0,20,1.36,1972
PC32,burned,C10784,Plateau,2021-08-19,91,11,10,427684,5813316,50,25,4,5,2.125,60,25,40,2.875,2.375,1.583333333,2.458333333,1.583333333,2.027777778,11.3,clusters,0,0,0,0,0,0,29,0,0,0,0,0,0,0,0,0,0,0,0,58,5.49,5039
SL01,burned,R11498,Shovel,2021-08-12,212,44,10,370379,6019883,40,40,10,10,0.55,30,10,65,2.5,2.375,0.666666667,1.808333333,0.666666667,1.197222222,2.7,sparse,0,0,0,0,0,27,4,0,1,0,9,0,0,0,0,0,0,0,0,82,3.12,
SL02,unburned,R11498,Shovel,2021-08-12,50,2,10,370461,6019515,80,12,1,6,0,17,12,80,0,0,0,0,0,0,0,sparse,1,0,0,0,0,52,5,0,0,0,0,0,0,4,0,0,0,0,0,122,3.62,
SL03,unburned,R11498,Shovel,2021-08-12,222,32,10,371214,6018608,20,40,5,5,0,70,5,50,0,0,0,0,0,0,0,sparse,0,1,0,0,0,19,0,2,0,3,0,0,0,0,0,0,0,0,0,48,3.76,
SL04,burned,R11498,Shovel,2021-08-12,204,35,10,371230,6018574,25,25,1,10,1.375,70,2,40,2.125,2.375,1.833333333,1.958333333,1.833333333,1.861111111,4.4,few,0,1,0,0,0,2,20,2,2,0,15,0,0,0,0,0,0,0,0,82,2.04,
SL05,unburned,R11498,Shovel,2021-08-12,200,9,10,372121,6017533,40,45,1,10,0,60,60,65,0,0,0,0,0,0,0,sparse,0,1,0,0,0,46,0,0,0,0,0,0,0,0,0,0,0,0,0,92,6.34,
SL06,unburned,R11498,Shovel,2021-08-13,128,8,10,373700,6000338,15,60,1,1,0,65,4,60,0,0,0,0,0,0,0,sparse,0,0,0,0,0,33,2,0,0,0,0,0,0,0,0,0,0,0,0,70,3.68,
SL07,burned,R11498,Shovel,2021-08-13,195,13,10,373635,6000735,20,10,1,5,1,70,5,68,2.5,2.75,1.833333333,2.083333333,1.833333333,1.861111111,6,few,0,0,0,0,0,0,43,0,0,0,0,0,0,0,0,0,0,0,0,86,4.9,
SL08,burned,R11498,Shovel,2021-08-13,140,20,10,375497,6002010,,,,,2.875,,,,2.5,2.875,2.3,2.75,2.3,2.683333333,7.1,sparse,0,0,0,0,0,0,0,0,0,0,0,0,0,0,0,0,0,0,0,,5.64,
SL09,unburned,R11498,Shovel,2021-08-13,207,8,10,375992,6002630,30,60,1,9,0,20,50,72,0,0,0,0,0,0,0,few,0,0,0,1,1,32,0,0,0,0,0,0,0,0,0,0,0,0,0,64,7.57,
SL10,burned,R11498,Shovel,2021-08-13,176,18,10,375963,6002782,30,60,1,9,2.625,20,50,72,2.875,2.75,2.083333333,2.75,2.083333333,2.486111111,10,sparse,0,0,0,0,0,0,28,0,0,0,0,0,0,0,0,0,0,0,0,56,4.76,
SL11,unburned,R11498,Shovel,2021-08-13,115,11,10,377699,6004185,15,55,0,0,0,60,10,80,0,0,0,0,0,0,0,few,0,0,0,0,0,50,0,0,0,0,0,0,0,0,0,0,0,0,0,100,6.05,
SL12,unburned,R11498,Shovel,2021-08-13,345,9,10,378872,6015549,20,50,2,2,0,25,5,50,0,0,0,0,0,0,0,sparse,0,1,0,0,0,30,0,0,0,0,0,0,0,0,0,0,0,0,0,60,5.38,3095
SL13,burned,R11498,Shovel,2021-08-13,281,13,10,380565,6014840,30,20,1,5,2.875,50,15,65,2.875,2.625,2.166666667,2.791666667,2.166666667,2.555555556,9.8,sparse,0,0,0,0,0,0,4,0,0,0,0,0,0,0,0,0,0,0,0,8,2.93,1080
SL14,unburned,R11498,Shovel,2021-08-13,190,14,10,380360,6014807,15,20,1,1,0,55,10,55,0,0,0,0,0,0,0,sparse,0,0,0,0,0,36,0,0,0,0,0,0,0,0,0,0,0,0,0,72,4.77,1476
SL15,unburned,R11498,Shovel,2021-08-13,205,21,10,380364,6014796,35,50,1,5,0,10,55,80,0,0,0,0,0,0,0,sparse,0,0,0,0,0,45,0,0,0,6,0,0,0,0,0,0,0,0,0,102,6.67,4057
SL16,burned,R11498,Shovel,2021-08-13,20,1,10,381501,6017758,20,10,0,40,1.4,40,1,40,2.875,2.5,1.5,2.258333333,1.5,1.8,7.6,sparse,0,0,0,0,0,0,38,0,0,0,0,0,0,0,0,0,0,0,0,76,3.46,3640
SL17,unburned,R11498,Shovel,2021-08-13,49,4,10,382058,6018914,50,35,1,8,0,15,70,65,0,0,0,0,0,0,0,sparse,0,1,0,0,0,29,0,8,0,0,0,0,0,0,0,0,0,0,0,74,5.81,2727
SL18,burned,R11498,Shovel,2021-08-13,N/A,0,10,382061,6018830,,,,,2,,,,2.5,2.5,2.166666667,2.333333333,2.166666667,2.222222222,6.8,sparse,0,0,0,0,0,21,0,4,0,2,0,0,0,0,0,0,0,0,0,54,2.99,4612
VM01,unburned,R11796,Verdun,2021-08-25,,7,10,317917,5967865,55,15,1,5,0,55,30,70,0,0,0,0,0,0,0,sparse,0,1,0,0,0,34,0,0,2,0,0,0,0,0,0,0,0,0,0,72,4.67,6583
VM02,burned,R11796,Verdun,2021-08-25,355,5,10,318021,5967928,55,15,1,5,1.4,55,30,70,2.875,2.625,1.083333333,2.3,1.083333333,1.702777778,6.9,sparse,0,1,0,0,0,8,24,0,2,0,0,0,0,0,0,0,0,0,0,68,5.68,1915
VM03,unburned,R11796,Verdun,2021-08-25,150,6,10,317028,5969079,25,45,2,10,0,75,5,65,0,0,0,0,0,0,0,few,1,1,0,0,0,32,2,0,0,0,0,0,0,0,0,0,0,8,4,68,4.56,2756
VM04,burned,R11796,Verdun,2021-08-25,202,23,10,315835,5969057,25,50,2,0,2.875,60,8,30,2.5,2.5,1.5,2.625,1.5,2.291666667,8.5,sparse,0,0,0,0,0,0,16,0,0,0,0,0,0,0,0,0,0,0,0,32,3.14,1009
VM05,unburned,R11796,Verdun,2021-08-26,301,5,10,315828,5969083,20,10,1,40,0,80,10,55,0,0,0,0,0,0,0,few,0,1,0,0,0,40,0,0,0,0,0,0,0,0,0,0,0,0,0,80,3.59,1266
VM06,burned,R11796,Verdun,2021-08-26,200,3,10,307336,5971774,20,10,1,40,2.875,80,10,55,2.625,2.875,1.416666667,2.791666667,1.416666667,2.388888889,12.4,few,0,1,0,0,0,6,14,0,5,0,0,0,0,0,0,0,0,0,0,50,3.23,1171
VM07,unburned,R11796,Verdun,2021-08-26,185,1,10,306980,5972743,30,20,1,5,0,80,20,60,0,0,0,0,0,0,0,sparse,0,1,0,0,0,47,0,0,0,0,0,0,0,0,0,0,0,0,0,94,3.57,8900
VM08,burned,R11796,Verdun,2021-08-26,351,1,10,306944,5972769,30,20,1,5,2.5,80,20,50,2.875,2.625,2.083333333,2.666666667,2.083333333,2.402777778,17.4,few,0,1,0,0,0,0,24,0,0,0,0,0,0,0,0,0,0,0,0,48,3.2,2143
VM09,burned,R11796,Verdun,2021-08-26,253,5,10,306102,5970532,70,25,10,,2.375,60,5,50,2.625,1.75,2.083333333,2.25,2.083333333,2.069444444,6.4,large,0,0,0,0,0,36,0,0,0,0,0,0,0,0,0,0,0,0,0,72,5.68,9472
VM10,unburned,R11796,Verdun,2021-08-26,126,13,10,304692,5971403,55,50,0,20,0,60,40,75,0,0,0,0,0,0,0,few,1,1,0,0,0,5,0,2,0,25,2,0,0,0,0,0,0,0,0,68,3.66,3130
VM11,burned,R11796,Verdun,2021-08-26,260,1,10,318878,5962561,35,20,1,5,2,55,10,60,2.75,2.375,1.833333333,2.375,1.833333333,2.069444444,6.2,few,0,0,0,0,0,0,19,0,0,0,0,0,0,0,0,0,0,0,0,38,3.16,2362
VM12,unburned,R11796,Verdun,2021-08-26,169,20,10,328473,5960693,35,40,2,5,0,55,5,60,0,0,0,0,0,0,0,sparse,1,1,0,0,0,34,0,0,0,0,0,0,0,0,0,0,0,0,0,68,1.92,7274
VM13,burned,R11796,Verdun,2021-08-26,N/A,0,10,324735,5961344,25,30,2,5,3,60,5,55,2.75,2.375,2.083333333,2.708333333,2.083333333,2.486111111,10.4,sparse,0,1,0,0,0,0,17,0,4,0,0,0,0,0,0,0,0,0,0,42,2.12,4839
VM14,unburned,R11796,Verdun,2021-08-27,121,5,10,324242,5972605,30,15,5,5,0,25,5,55,0,0,0,0,0,0,0,sparse,1,1,0,0,0,33,2,0,0,0,0,0,0,0,0,0,0,0,0,70,5.17,2519
VM15,unburned,R11796,Verdun,2021-08-27,99,6,10,325492,5973864,40,40,1,10,0,45,35,70,0,0,0,0,0,0,0,few,1,0,0,0,0,59,0,0,0,0,0,0,0,0,0,0,0,0,0,118,5.53,1997
VM16,unburned,R11796,Verdun,2021-08-27,N/A,0,10,325698,5973098,30,65,0,5,0,20,2,60,0,0,0,0,0,0,0,few,1,0,0,0,0,48,2,0,0,0,0,0,0,0,0,0,0,0,0,100,3.93,2104
VM17,burned,R11796,Verdun,2021-08-27,173,5,10,325666,5973089,30,65,0,5,2.125,20,2,60,2.625,1.25,1.166666667,2,1.166666667,1.513888889,6.7,few,1,0,0,0,0,10,16,0,0,0,0,0,0,0,0,0,0,0,0,52,4.23,1967
VM18,burned,R11796,Verdun,2021-08-27,310,1,10,326477,5973167,,,,,1.625,,,55,2.625,2.375,1.5,2.208333333,1.5,1.833333333,8.3,large,0,0,0,0,0,0,25,0,0,0,0,0,0,0,0,0,0,0,0,50,4.79,1795
VM19,unburned,R11796,Verdun,2021-08-27,321,2,10,326568,5973082,25,65,1,5,0,50,5,65,0,0,0,0,0,0,0,few,1,0,0,0,0,46,0,0,0,0,0,0,0,0,0,0,0,0,0,92,6.25,2898
VM20,unburned,R11796,Verdun,2021-08-27,347,8,10,327448,5972117,35,40,1,8,0,20,45,65,0,0,0,0,0,0,0,few,1,0,0,0,0,33,0,6,0,0,0,0,0,0,0,0,0,0,0,78,4.3,
VM21,burned,R11796,Verdun,2021-08-27,324,8,10,327367,5972081,35,40,1,8,2.75,20,45,65,2.875,2.5,2.083333333,2.708333333,2.083333333,2.444444444,5.2,sparse,,,,,,0,19,0,0,0,0,0,0,0,0,0,0,0,0,38,4.22,1021
VM22,unburned,R11796,Verdun,2021-08-27,241,6,10,327191,5968129,25,20,1,5,0,60,45,70,0,0,0,0,0,0,0,sparse,1,0,0,0,0,39,0,0,0,0,0,0,0,0,0,0,0,0,0,78,5.52,2345
VM23,burned,R11796,Verdun,2021-08-27,200,10,10,327116,5968036,25,20,1,5,2.75,60,45,70,2.875,3,2.083333333,2.875,2.083333333,2.611111111,8.7,sparse,0,0,0,0,0,0,25,0,0,0,0,0,0,0,0,0,0,0,0,50,4.16,1419
VM24,unburned,R11796,Verdun,2021-08-27,326,7,10,329075,5972639,35,35,1,8,0,70,8,55,0,0,0,0,0,0,0,large,1,0,0,0,0,50,0,5,0,0,0,0,0,0,0,0,0,0,0,110,3.29,3575
VM25,burned,R11796,Verdun,2021-08-27,312,10,10,329016,5972670,35,35,1,8,2.625,70,8,55,2.875,2.125,1.8,2.541666667,1.8,2.183333333,9.4,sparse,1,0,0,0,0,5,32,0,0,0,0,0,0,0,0,0,0,0,0,74,3.32,2268
VM26,burned,R11796,Verdun,2021-08-27,85,10,10,322277,5972327,25,20,1,5,3,50,10,50,2.875,2.75,2.166666667,2.875,2.166666667,2.638888889,9.2,sparse,0,0,0,0,0,0,41,0,0,0,0,0,0,0,0,0,0,0,0,82,6.64,16976
VM27,unburned,R11796,Verdun,2021-08-28,239,8,10,332933,5970735,25,70,0,5,0,20,25,65,0,0,0,0,0,0,0,sparse,0,0,0,1,1,40,1,0,0,0,0,0,0,0,0,0,0,0,0,82,5.41,2734
VM28,burned,R11796,Verdun,2021-08-28,230,13,10,330696,5971265,20,60,1,5,2.75,55,10,55,2.625,2.5,2.083333333,2.625,2.083333333,2.444444444,7.9,sparse,0,0,0,0,0,0,34,0,0,0,0,0,0,0,0,0,0,0,0,68,4.08,3491
VM29,unburned,R11796,Verdun,2021-08-28,23,6,10,337214,5970939,70,15,0,7,0,20,70,55,0,0,0,0,0,0,0,sparse,0,0,0,0,0,36,5,2,0,0,0,0,0,0,0,0,0,0,0,86,4.62,5590
VM30,burned,R11796,Verdun,2021-08-28,358,7,10,337168,5970888,70,15,0,7,2.625,20,70,55,2.875,2.25,2.083333333,2.583333333,2.083333333,2.319444444,5.7,sparse,0,0,0,0,0,0,30,0,0,0,0,0,0,0,0,0,0,0,0,60,2.9,11624
IL01,unburned,R11921,Island,2021-08-28,158,12,10,348496,5974067,15,55,2,10,0,50,5,50,0,0,0,0,0,0,0,few,0,1,0,0,1,39,0,0,0,0,0,0,0,0,0,0,0,0,0,78,10.76,2720
IL02,unburned,R11921,Island,2021-08-28,300,3,10,350072,5973863,45,55,1,5,0,25,10,60,0,0,0,0,0,0,0,sparse,1,0,0,0,1,38,0,0,0,0,0,0,0,0,0,0,0,0,0,76,6.89,1874
IL03,burned,R11921,Island,2021-08-28,170,14,10,350191,5973849,45,55,1,5,2.875,25,10,60,2.875,2.25,2.25,2.666666667,2.25,2.458333333,7,sparse,0,0,0,0,0,0,30,0,0,0,0,0,0,0,0,0,0,0,0,60,6.02,1945
IL04,unburned,R11921,Island,2021-08-28,319,1,10,352040,5977521,15,75,1,5,0,55,8,60,0,0,0,0,0,0,0,sparse,0,1,0,0,1,36,0,0,0,0,0,0,0,0,0,0,0,0,0,72,4.43,2334
IL05,burned,R11921,Island,2021-08-28,282,5,10,351924,5977497,15,75,1,5,2.75,55,8,60,2.5,2.875,2.083333333,2.708333333,2.083333333,2.569444444,10.7,sparse,,,,,,0,24,0,0,0,0,0,0,0,0,0,0,0,0,48,5.08,2189
IL06,burned,R11921,Island,2021-08-29,60,2,10,351273,5977355,30,30,2,5,2.625,30,5,55,2.625,2.5,2.083333333,2.583333333,2.083333333,2.402777778,4.2,sparse,1,1,0,0,0,0,39,0,6,0,0,0,0,0,0,0,0,0,0,90,4.31,4474
IL07,unburned,R11921,Island,2021-08-29,347,18,10,350289,5977057,10,40,0,2,0,75,20,75,0,0,0,0,0,0,0,sparse,0,0,1,0,0,36,0,0,0,0,0,0,0,0,0,0,0,0,0,72,3.41,3390
IL08,unburned,R11921,Island,2021-08-29,344,19,10,348785,5976470,10,45,1,10,0,80,35,55,0,0,0,0,0,0,0,few,1,1,0,0,0,33,0,0,0,2,0,0,0,0,0,0,0,0,0,70,2.76,7695
IL09,burned,R11921,Island,2021-08-29,290,11,10,348742,5976497,10,45,1,10,2.125,80,35,55,2.75,2.25,1.583333333,2.375,1.583333333,1.986111111,6.7,few,0,1,0,0,0,0,31,0,0,0,4,0,0,0,0,0,0,0,0,70,2.3,7561
IL10,unburned,R11921,Island,2021-08-29,157,11,10,349392,5979084,45,35,2,3,0,40,5,55,0,0,0,0,0,0,0,sparse,0,1,0,0,0,48,0,0,0,0,0,0,0,0,0,0,0,0,0,96,5.08,2577
IL11,burned,R11921,Island,2021-08-29,184,5,10,347953,5979035,40,25,1,5,1.6,60,5,45,2.5,1.125,1.3,1.741666667,1.3,1.341666667,9.6,few,0,0,0,0,0,26,15,0,0,0,0,0,0,0,0,0,0,0,0,82,4.68,2047
IL12,unburned,R11921,Island,2021-08-29,250,2,10,357175,5978448,15,70,1,8,0,80,20,50,0,0,0,0,0,0,0,few,0,1,0,0,0,35,3,2,0,0,0,0,0,0,0,0,0,0,0,80,4.46,2946
IL13,burned,R11921,Island,2021-08-29,172,1,10,357144,5978827,15,70,1,8,1.625,80,20,50,2.625,1.5,1.25,1.916666667,1.25,1.458333333,7.2,few,0,1,0,0,0,2,32,0,0,0,0,0,0,0,0,0,0,0,0,68,3.51,2481
SL19,unburned,R11498,Shovel,2021-08-30,168,10,10,377004,6003345,40,50,2,2,0,75,20,55,0,0,0,0,0,0,0,sparse,0,1,0,0,0,29,0,4,0,0,0,0,0,0,0,0,0,0,0,66,4.17,3522
SL20,burned,R11498,Shovel,2021-08-30,130,12,10,377017,6003391,40,50,2,2,2.625,75,20,55,2.75,2.375,2.25,2.583333333,2.25,2.416666667,7.8,sparse,0,1,0,0,0,0,37,0,5,0,0,0,0,0,0,0,0,0,0,84,6.88,4070
SL21,burned,R11498,Shovel,2021-08-30,208,7,10,378362,6005220,15,60,0,15,2.25,80,50,55,2.75,2,1.833333333,2.333333333,1.833333333,2.027777778,3.9,large,0,1,0,0,0,4,32,0,0,0,0,0,0,0,0,0,0,0,0,72,5.8,8080
SL22,unburned,R11498,Shovel,2021-08-30,240,5,10,378594,6005288,15,60,0,15,0,80,50,55,0,0,0,0,0,0,0,large,0,0,0,0,0,57,0,2,0,0,0,0,0,0,0,0,0,0,0,118,7.39,4474
SL23,unburnedd,R11498,Shovel,2021-08-30,240,1,10,382030,6014768,20,65,1,2,0,45,10,55,0,0,0,0,0,0,0,sparse,0,1,0,1,1,33,0,0,0,0,0,0,0,0,0,0,0,0,0,66,7.01,4018
SL24,burned,R11498,Shovel,2021-08-30,225,3,10,382012,6014810,20,65,1,2,2.25,45,10,55,2.625,2,1.166666667,2.291666667,1.166666667,1.805555556,9.2,sparse,0,1,0,1,1,27,2,0,0,0,0,0,0,0,0,0,0,0,0,58,4.53,3139
SL25,unburned,R11498,Shovel,2021-08-30,318,14,10,382934,6015825,50,30,1,12,0,20,55,55,0,0,0,0,0,0,0,sparse,0,1,0,0,1,31,0,0,0,0,0,0,0,0,0,0,0,0,0,62,6.49,2362
SL26,burned,R11498,Shovel,2021-08-30,306,15,10,383095,6015972,50,30,1,12,2.75,20,55,55,2.75,2.125,2.166666667,2.541666667,2.166666667,2.347222222,10.8,few,0,0,0,1,0,0,26,0,6,0,4,0,0,0,0,0,0,0,0,72,3.88,2451
SL27,unburned,R11498,Shovel,2021-08-30,294,9,10,393546,6004729,15,25,1,15,0,75,65,40,0,0,0,0,0,0,0,few,1,0,0,0,0,0,26,0,0,2,0,0,0,0,0,0,0,0,0,56,3.86,886
SL28,burned,R11498,Shovel,2021-08-30,222,7,10,393680,6004656,15,25,1,15,2.75,75,65,40,2.75,2,2.166666667,2.5,2.166666667,2.305555556,3.5,few,0,1,0,0,0,0,19,0,0,0,0,0,0,0,0,0,0,0,0,38,4.86,2914
NL01,burned,R21721,Nadina,2021-08-23,131,3,9,662904,5981052,25,30,0,3,2.875,75,35,60,3,2.25,2.583333333,2.708333333,2.583333333,2.569444444,20,sparse,0,0,0,0,0,0,58,0,0,0,0,0,0,0,0,0,0,0,0,116,5.1,
NL02,unburned,R21721,Nadina,2021-08-23,112,5,9,663068,5980852,25,30,0,3,0,75,35,60,0,0,0,0,0,0,0,sparse,1,0,0,0,0,25,2,6,0,0,0,0,0,0,0,0,0,0,0,66,3.91,2481
NL03,unburned,R21721,Nadina,2021-08-23,305,10,9,665307,5979866,45,20,1,5,0,35,5,45,0,0,0,0,0,0,0,large,1,0,0,0,0,25,0,10,0,0,0,0,0,0,0,0,0,0,0,70,2.98,5176
NL04,burned,R21721,Nadina,2021-08-23,279,6,9,668296,5981127,25,20,5,2,2.625,80,3,45,2.875,1.875,2.25,2.458333333,2.25,2.25,8.2,sparse,0,0,0,0,0,0,12,0,0,0,0,0,0,0,0,0,0,0,0,24,1.33,1754
NL05,unburned,R21721,Nadina,2021-08-23,296,7,9,668405,5981124,25,20,5,2,0.625,80,3,45,0.75,0,0.75,0.458333333,0.75,0.458333333,1.5,few,0,0,0,0,0,21,0,0,0,0,0,0,0,0,0,0,0,0,0,42,2.12,2898
NL06,unburned,R21721,Nadina,2021-08-23,302,9,9,668051,5980826,25,35,0,1,0,50,3,65,0,0,0,0,0,0,0,,1,0,0,0,0,28,0,4,0,2,0,2,2,0,0,0,0,0,0,76,5.46,3564
NL07,burned,R21721,Nadina,2021-08-23,215,8,9,605168,5981216,15,15,1,1,3,65,3,45,2.625,2.75,2.166666667,2.791666667,2.166666667,2.638888889,11.9,sparse,0,0,0,0,0,0,15,0,0,0,0,0,0,0,0,0,0,0,0,30,3.19,793
NL08,unburned,R21721,Nadina,2021-08-23,328,9,9,666331,5980534,25,30,1,1,0,85,15,60,0,0,0,0,0,0,0,sparse,1,0,0,0,0,43,0,3,0,0,0,0,0,0,0,0,0,0,0,92,5.52,2829
NL09,burned,R21721,Nadina,2021-08-23,130,2,9,668267,5978554,15,15,5,2,2.875,70,3,45,2.5,1.625,2.333333333,2.333333333,2.333333333,2.277777778,4.8,sparse,1,0,0,0,0,0,26,0,0,0,0,0,0,0,0,0,0,0,0,52,3.16,2922
NL10,unburned,R21721,Nadina,2021-08-23,342,13,9,669957,5974426,30,20,1,12,0,65,8,65,0,0,0,0,0,0,0,large,0,0,0,0,0,45,2,0,0,2,0,0,0,0,0,0,0,0,0,98,5.63,2380
NL11,unburned,R21721,Nadina,2021-08-23,280,3,9,667164,5972473,80,20,0.5,20,0,5,2,60,0,0,0,0,0,0,0,sparse,0,0,0,0,0,59,0,0,0,0,0,0,0,0,0,0,0,0,0,118,7.46,5289
NL12,burned,R21721,Nadina,2021-08-24,17,8,9,652545,5983194,20,15,1,7,2.375,70,5,55,3,2.125,2.083333333,2.5,2.083333333,2.194444444,8.8,sparse,0,0,0,0,0,0,0,0,28,0,2,0,0,0,0,0,0,0,0,60,3.16,6400
NL13,unburned,R21721,Nadina,2021-08-24,310,3,9,649931,5983519,35,15,2,4,0,65,4,57,0,0,0,0,0,0,0,few,1,0,0,0,0,25,0,0,0,0,0,0,0,0,0,0,0,0,0,50,5.84,2114
NL14,burned,R21721,Nadina,2021-08-24,112,21,9,643792,5980893,20,15,5,5,1.625,60,5,35,1.875,2.125,1.75,1.875,1.75,1.833333333,9.2,sparse,0,0,0,0,0,2,8,0,0,0,13,0,0,0,0,0,0,0,0,46,1.41,4244
NL15,burned,R21721,Nadina,2021-08-24,240,17,9,644205,5982332,35,20,5,1,2.375,60,1,60,2.5,1.875,1.916666667,2.25,1.916666667,2.055555556,6.9,sparse,0,0,0,0,1,0,27,0,0,0,0,0,0,0,0,0,0,0,0,54,4.4,3822
NL16,burned,R21721,Nadina,2021-08-24,137,16,9,642940,5981727,25,20,4,2,2.5,70,2,65,2.5,2.375,1.916666667,2.458333333,1.916666667,2.263888889,8.5,sparse,0,0,0,0,0,0,35,0,0,0,0,0,0,0,0,0,0,0,0,70,4.72,3931
NL17,unburned,R21721,Nadina,2021-08-24,111,11,9,638906,5981737,15,30,1,30,0.6,55,5,60,0.75,0.375,0.5,0.575,0.5,0.491666667,1.3,large,0,0,0,1,1,25,0,0,0,0,0,0,0,0,0,8,0,0,0,66,4.17,1659
NL18,burned,R21721,Nadina,2021-08-24,328,4,9,645074,5986957,20,5,20,1,2.5,50,60,40,2.75,1.875,1.833333333,2.375,1.833333333,2.069444444,6.4,sparse,0,0,0,0,0,0,18,0,0,0,0,0,0,0,0,0,0,0,0,36,2.76,5569
NL19,burned,R21721,Nadina,2021-08-24,167,12,9,645450,5987360,30,15,15,2,2.125,55,3,60,2.625,1.75,2,2.166666667,2,1.958333333,4.5,sparse,0,0,0,0,0,0,35,0,0,0,0,0,0,0,0,0,0,0,0,70,6.15,1502
NL20,burned,R21721,Nadina,2021-08-24,N/A,0,9,648403,5989823,15,10,15,10,1.875,70,10,45,2.75,2.125,2.083333333,2.25,2.083333333,2.027777778,7,sparse,0,1,0,0,0,0,0,22,0,0,0,0,0,0,0,0,0,0,0,44,3.7,1056
